"freq","issuerLabel"
"16131","""Let's Encrypt Authority X3"""
"7676","""COMODO RSA Domain Validation Secure Server CA"""
"5435","""Go Daddy Secure Certificate Authority - G2"""
"3348","""Symantec Class 3 Secure Server CA - G4"""
"2439","""RapidSSL SHA256 CA"""
"2330","""COMODO ECC Domain Validation Secure Server CA 2"""
"2214","""DigiCert SHA2 Secure Server CA"""
"1931","""GeoTrust SSL CA - G3"""
"1721","""COMODO RSA Organization Validation Secure Server CA"""
"1585","null"
"1493","""Symantec Class 3 EV SSL CA - G3"""
"1465","""thawte SSL CA - G2"""
"1431","""GlobalSign Organization Validation CA - SHA256 - G2"""
"1405","""Entrust Certification Authority - L1K"""
"1357","""DigiCert SHA2 High Assurance Server CA"""
"1260","""cPanel, Inc. Certification Authority"""
"1146","""AlphaSSL CA - SHA256 - G2"""
"742","""GlobalSign Domain Validation CA - SHA256 - G2"""
"734","""Amazon"""
"694","""COMODO RSA Extended Validation Secure Server CA"""
"674","""DigiCert SHA2 Extended Validation Server CA"""
"643","""COMODO RSA Domain Validation Secure Server CA 2"""
"630","""RapidSSL SHA256 CA - G3"""
"534","""RapidSSL SHA256 CA - G2"""
"520","""GeoTrust EV SSL CA - G4"""
"495","""Starfield Secure Certificate Authority - G2"""
"491","""GeoTrust DV SSL CA - G3"""
"486","""thawte SHA256 SSL CA"""
"407","""Symantec Class 3 Secure Server SHA256 SSL CA"""
"364","""thawte DV SSL CA - G2"""
"350","""Gandi Standard SSL CA 2"""
"349","""thawte EV SSL CA - G3"""
"346","""Entrust Certification Authority - L1M"""
"334","""Network Solutions OV Server CA 2"""
"315","""GlobalSign Extended Validation CA - SHA256 - G3"""
"308","""GlobalSign CloudSSL CA - SHA256 - G3"""
"284","""InCommon RSA Server CA"""
"276","""thawte DV SSL SHA256 CA"""
"256","""TERENA SSL CA 3"""
"254","""Symantec Basic DV SSL CA - G2"""
"241","""GeoTrust SHA256 SSL CA"""
"230","""Symantec Class 3 Extended Validation SHA256 SSL CA"""
"227","""Certum Domain Validation CA SHA2"""
"204","""Google Internet Authority G2"""
"181","""CloudFlare Inc RSA CA-1"""
"180","""Trusted Secure Certificate Authority 5"""
"179","""Microsoft IT SSL SHA2"""
"150","""GlobalSign Extended Validation CA - SHA256 - G2"""
"143","""GeoTrust DV SSL SHA256 CA"""
"142","""Trustwave Organization Validation SHA256 CA, Level 1"""
"141","""QuoVadis Global SSL ICA G2"""
"121","""TrustAsia DV SSL CA - G5"""
"117","""TWCA Secure SSL Certification Authority"""
"116","""UbiquiTLS\u2122 DV RSA Server CA"""
"115","""GeoTrust Extended Validation SHA256 SSL CA"""
"115","""TERENA SSL High Assurance CA 3"""
"108","""Symantec Basic DV SSL CA - G1"""
"107","""Certyfikat SSL"""
"106","""QuoVadis EV SSL ICA G1"""
"105","""Google Internet Authority G3"""
"92","""thawte Extended Validation SHA256 SSL CA"""
"91","""Network Solutions DV Server CA 2"""
"80","""CLASS 2 KEYNECTIS CA"""
"79","""Trust Provider B.V. DV SSL CA - G2"""
"77","""RapidSSL SHA256 CA - G4"""
"72","""Certum Organization Validation CA SHA2"""
"71","""Cybertrust Japan Public CA G3"""
"70","""COMODO SHA-256 Domain Validation Secure Server CA"""
"70","""TERENA SSL CA 2"""
"66","""COMODO ECC Domain Validation Secure Server CA"""
"65","""StartCom Class 1 DV Server CA"""
"64","""GeoTrust DV SSL CA - G4"""
"64","""DFN-Verein Global Issuing CA"""
"62","""SSL.com DV CA"""
"59","""SwissSign Server Gold CA 2014 - G22"""
"55","""nazwaSSL"""
"52","""QuoVadis PKIoverheid Organisatie Server CA - G3"""
"52","""Camerfirma Corporate Server II - 2015"""
"52","""Actalis Authentication CA G3"""
"49","""\u884c\u653f\u9662"""
"48","""localhost"""
"48","""TeleSec ServerPass CA 2"""
"45","""QuoVadis Global SSL ICA G3"""
"44","""TeleSec ServerPass Class 2 CA"""
"43","""Verizon Public SureServer CA G14-SHA2"""
"42","""DOD ID SW CA-38"""
"41","""KPN BV PKIoverheid Organisatie Server CA - G3"""
"41","""ICPEdu"""
"40","""Chunghwa Telecom Co., Ltd."""
"39","""Certigna Services CA"""
"38","""Certum Extended Validation CA SHA2"""
"38","""DOMENY SSL DV Certification Authority"""
"37","""KPN Corporate Market CSP Organisatie CA - G2"""
"36","""Fake LE Intermediate X1"""
"35","""D-TRUST SSL Class 3 CA 1 2009"""
"34","""SwissSign Server Silver CA 2014 - G22"""
"33","""KPN PKIoverheid Organisatie CA - G2"""
"33","""DigiCert Baltimore CA-2 G2"""
"32","""Hongkong Post e-Cert CA 1 - 15"""
"32","""RapidSSL CA"""
"31","""FNMT-RCM"""
"31","""WoSign OV SSL CA"""
"30","""NetLock Expressz (Class C) Tan\u00fas\u00edtv\u00e1nykiad\u00f3"""
"29","""USERTrust RSA Domain Validation Secure Server CA"""
"28","""ACCVCA-120"""
"28","""NetLock \u00dczleti (Class B) Tan\u00fas\u00edtv\u00e1nykiad\u00f3"""
"27","""FujiSSL Public Certification Authority - G1"""
"26","""StartCom BR SSL ICA"""
"26","""Parallels Panel"""
"26","""RU-CENTER High Assurance Services CA 2"""
"26","""DigiCert Cloud Services CA-1"""
"26","""TeliaSonera Server CA v2"""
"26","""Network Solutions EV Server CA 2"""
"26","""Actalis Domain Validation Server CA G1"""
"25","""USERTrust RSA Organization Validation Secure Server CA"""
"25","""QuoVadis Europe SSL CA G1"""
"25","""D-TRUST SSL Class 3 CA 1 EV 2009"""
"25","""QuoVadis CSP - PKI Overheid CA - G2"""
"25","""Cybertrust Japan EV CA G2"""
"24","""Plesk"""
"24","""NII Open Domain CA - G4"""
"23","""SECOM Passport for Web SR 3.0 CA"""
"23","""PositiveSSL CA 2"""
"23","""Go Daddy Secure Certification Authority"""
"22","""Gandi Pro SSL CA 2"""
"22","""TI Trust Technologies Global CA"""
"21","""Buypass Class 3 CA 2"""
"21","""Trend Micro S2 CA"""
"21","""HydrantID SSL ICA G2"""
"20","""UIS-IsuB1-CA"""
"20","""TeleSec ServerPass DE-2"""
"20","""StartCom Class 3 OV Server CA"""
"20","""DOD ID SW CA-37"""
"20","""WoSign CA Free SSL Certificate G2"""
"20","""COMODO RSA Extended Validation Secure Server CA 2"""
"19","""Wells Fargo Certificate Authority WS1"""
"19","""Trustwave Domain Validation SHA256 CA, Level 1"""
"19","""CloudFlare, Inc."""
"18","""Siemens Issuing CA Internet Server 2017"""
"18","""Autoridade Certificadora do SERPRORFB SSL"""
"18","""Verizon Public SureServer EV SSL CA G14-SHA2"""
"18","""Entrust Certification Authority - L1C"""
"17","""GeoTrust SSL CA - G2"""
"17","""EAEko Herri Administrazioen CA - CA AAPP Vascas (2)"""
"17","""SwissSign EV Gold CA 2014 - G22"""
"17","""Yandex CA"""
"17","""StartCom Class 2 IV Server CA"""
"16","""VR IDENT EV SSL CA 2016"""
"16","""SSL Blindado 2"""
"16","""CA de Certificados SSL EV"""
"16","""Digi-Sign CA Digi-SSL"""
"16","""KEYNECTIS Extended Validation CA"""
"16","""Trust Technologies Global CA"""
"15","""Intermediate Certificate DV SSL CA - G2"""
"15","""QuoVadis EV SSL ICA G3"""
"15","""AffirmTrust Certificate Authority - OV1"""
"14","""Swiss Government Public Trust Standard CA 02"""
"14","""Buypass Class 2 CA 2"""
"13","""NetLock OnlineSSL (Class Online) Tan\u00fas\u00edtv\u00e1nykiad\u00f3"""
"13","""Trustwave Extended Validation SHA256 CA, Level 1"""
"13","""TrustID Server CA A52"""
"13","""AC Administraci\u00f3n P\u00fablica"""
"13","""EuropeanSSL Server CA 2"""
"13","""AffirmTrust Extended Validation CA - EV1"""
"13","""COMODO High-Assurance Secure Server CA"""
"13","""VeriSign Class 3 Secure Server CA - G3"""
"12","""GeoTrust SSL CA"""
"12","""VeriSign Class 3 International Server CA - G3"""
"12","""GlobalSign Domain Validation CA - G2"""
"12","""GlobeSSL DV Certification Authority 2"""
"12","""SignSec Certification Authority"""
"12","""Camerfirma AAPP II - 2014"""
"12","""Microsoft IT TLS CA 5"""
"12","""www.lh.pl"""
"12","""www.example.com"""
"12","""Microsoft IT TLS CA 4"""
"11","""COMODO SHA-256 Organization Validation Secure Server CA"""
"11","""SecureCore RSA DV CA"""
"11","""FortiGate CA"""
"11","""e-Szigno SSL CA 2014"""
"11","""McAfee OV SSL CA 2"""
"11","""CA134100031"""
"11","""COMODO ECC Organization Validation Secure Server CA"""
"11","""KPN PKIoverheid EV CA"""
"10","""(n)Code Solutions CA SPL 2015"""
"10","""localhost.localdomain"""
"10","""CA131100001"""
"10","""CA Cert Signing Authority"""
"10","""webserver.ispgateway.de"""
"10","""RHRK-CA - G02"""
"10","""StartCom Class 1 Primary Intermediate Server CA"""
"10","""Symantec Class 3 ECC 256 bit EV CA - G2"""
"10","""CAcert Class 3 Root"""
"10","""SpaceSSL CA"""
"9","""GeoTrust DV SSL CA"""
"9","""MULTICERT Certification Authority 002"""
"9","""*"""
"9","""DigiCert ECC Secure Server CA"""
"9","""MarketWare - Solu\u00e7\u00f5es para Mercados Digitais, Lda. RSA EV CA"""
"9","""TBS X509 CA business 2"""
"9","""Certigna Wild CA"""
"9","""STRATO SSL - G4"""
"9","""COMODO ECC Extended Validation Secure Server CA"""
"9","""SERASA CD SSL V5"""
"9","""MB-CA01"""
"9","""TrustSign BR Certification Authority (DV) 2"""
"8","""Thawte SSL CA"""
"8","""Microsoft IT TLS CA 1"""
"8","""Certinomis - Easy CA"""
"8","""Swisscom Smaragd CA 2"""
"8","""WoSign DV SSL CA"""
"8","""K Software Certificate Authority (DV) 2"""
"8","""DigiCert ECC Extended Validation Server CA"""
"8","""CA Disig R2I2 Certification Service"""
"8","""odin.com"""
"8","""Apple IST CA 2 - G1"""
"8","""Internet Widgits Pty Ltd"""
"7","""Symantec Private SSL SHA1 CA"""
"7","""ZOVAR Server CA G21"""
"7","""DigiCert Secure Server CA"""
"7","""WMSvc-WIN-L6BLK5EKK3R"""
"7","""CA \u6c83\u901a\u514d\u8d39SSL\u8bc1\u4e66 G2"""
"7","""COMODO SSL CA"""
"7","""Swiss Government SSL CA 01"""
"7","""TrustAsia ECC DV SSL CA - G7"""
"7","""AlphaSSL CA - G2"""
"7","""TERENA SSL CA"""
"7","""ApplicationCA2 Sub"""
"6","""IssuingCA"""
"6","""TrustSign BR Certification Authority (OV) 2"""
"6","""EssentialSSL CA"""
"6","""Autoridade Certificadora do SERPRO Final SSL"""
"6","""U.S. Government"""
"6","""UNIWUE-CA - G01"""
"6","""corapharm.panonijapharm.com"""
"6","""Fraunhofer Service CA - G02"""
"6","""GeoTrust DV SSL SHA256 CA - G2"""
"6","""SC CREDIT CA"""
"6","""SSL.com Premium EV CA"""
"6","""Uni Rostock CA - G02"""
"6","""WebSpace-Forum Server CA II"""
"6","""Massive Media Match NV Intermediate CA"""
"6","""Siemens Issuing CA Class Internet Server 2013"""
"6","""TUBITAK Kamu SM SSL Sertifika Hizmet Saglayicisi - Surum 1"""
"6","""Intesa Sanpaolo CA Servizi Esterni Enhanced"""
"6","""Certigna SSL PRIS"""
"6","""WoSign Class 3 OV Server CA G2"""
"6","""WebSpace-Forum Essential CA II"""
"5","""CA974000031"""
"5","""ZIVIT CA - G01"""
"5","""Bayerische SSL-CA-2016-02"""
"5","""Intesa Sanpaolo Organization Validation CA"""
"5","""ASA Temporary Self Signed Certificate"""
"5","""mail2.astifarm.ru"""
"5","""demo.testfire.net"""
"5","""Symantec Class 3 ECC 256 bit SSL CA"""
"5","""plesk"""
"5","""certSIGN Enterprise CA Class 3 G2"""
"5","""contoso.test.com"""
"5","""localhost CA"""
"5","""Thawte DV SSL CA"""
"5","""Siemens Issuing CA Internet Server 2016"""
"5","""AC CAIXA PJ SSL v2"""
"5","""JPRS Domain Validation Authority - G1"""
"5","""1.0.Root.RB-88389157"""
"5","""PostSignum Public CA 3"""
"5","""T\u00dcRKTRUST SSL Sertifikas\u0131 Hizmetleri H5"""
"5","""sni.dreamhost.com"""
"4","""https.mimicn.net"""
"4","""Deloitte SHA2 Level 3 CA 1"""
"4","""DOMENY SSL OV Certification Authority"""
"4","""va.dnstests.net"""
"4","""Cybertrust Japan Secure Server CA"""
"4","""K Software Certificate Authority (OV) 2"""
"4","""ESG Organisatie CA - G2"""
"4","""DigiCert Global CA G2"""
"4","""SECOM Passport for Web EV 2.0 CA"""
"4","""KDDI Web Communications Certification Authority"""
"4","""CA"""
"4","""SEPAmail TLS CA"""
"4","""cmu-host-vucc02.hydro-int.com"""
"4","""PIT_CA"""
"4","""SSL.com High Assurance CA"""
"4","""nas-27-58-5C.local"""
"4","""\u04b0\u041b\u0422\u0422\u042b\u049a \u041a\u0423\u04d8\u041b\u0410\u041d\u0414\u042b\u0420\u0423\u0428\u042b \u041e\u0420\u0422\u0410\u041b\u042b\u049a (RSA)"""
"4","""ECCE 001"""
"4","""TBS X509 CA pro hosting 2"""
"4","""Bayerische SSL-CA-2017-01"""
"4","""DPDHL TLS SHA2 CA I3"""
"4","""Deutscher Wetterdienst CA - G01"""
"4","""My Company Ltd"""
"4","""TU Dresden CA - G02"""
"4","""Microsoft IT TLS CA 2"""
"4","""e-Mudhra CA SPL 2015"""
"4","""Actalis Extended Validation Server CA G1"""
"4","""DigiCert High Assurance CA-3"""
"4","""dnsme"""
"4","""KLASS3-SK 2010"""
"3","""MPG CA - G02"""
"3","""MustBin Root CA"""
"3","""Tata Interactive"""
"3","""support"""
"3","""JPRS Organization Validation Authority - G1"""
"3","""online.bankrbk.com"""
"3","""HAW-CA"""
"3","""StartCom Class 4 EV Server CA"""
"3","""axa-pl-SVMCOMPCA"""
"3","""sslvpn"""
"3","""Network Solutions DV Server CA"""
"3","""WellsSecure Certification Authority 01 G2"""
"3","""TUD CA G01"""
"3","""AlwaysOnSSL CA - G1"""
"3","""nocertificate.found"""
"3","""Baseline"""
"3","""Ernst Moritz Arndt Universitaet Greifswald - G02"""
"3","""tspcalc.com"""
"3","""acquia.com"""
"3","""Oracle SSL CA - G2"""
"3","""kogas-CA"""
"3","""TeleSec ServerPass Extended Validation Class 3 CA"""
"3","""COMODO SHA-256 Extended Validation Secure Server CA"""
"3","""FR Enterprise Issuing CA - Infrastructure1"""
"3","""CA131100002"""
"3","""American Express Safekey Issuing CA"""
"3","""CA-Private-RT"""
"3","""KIT-CA"""
"3","""Compatibility Intermediate CA"""
"3","""SITHS Type 3 CA v1"""
"3","""WoSign Class 3 OV Pro Server CA G2"""
"3","""Microsoft Secure Server CA 2011"""
"3","""WIN-3J5CL091SCP"""
"3","""ProxyCA"""
"3","""Cloud Production Servers and Services"""
"3","""DIPF CA - G02"""
"3","""Global-UNITUE-CA 01"""
"3","""AC Certisign Multipla SSL"""
"3","""NCC Group Secure Server CA G2"""
"3","""sentrora.nika.rs.ba"""
"3","""frb"""
"3","""AC Firmaprofesional - INFRAESTRUCTURA"""
"3","""SG-IGEPN.igepn.edu.ec.zhei3h"""
"3","""EC-SectorPublic"""
"3","""MOBISTAR SERVERS CA"""
"3","""RWTH Aachen CA"""
"3","""WoSign Class 1 DV Server CA G2"""
"3","""Symantec Class 3 ECC 256 bit SSL CA - G2"""
"3","""WIN-VI1BU98TEUU"""
"3","""ip-172-31-26-253.ec2.internal"""
"3","""VR IDENT SSL CA 2016"""
"3","""Vodafone (Corporate Services 2009)"""
"3","""mail.supersav.com.ec"""
"3","""Fireware web CA"""
"3","""StartCom Class 2 Primary Intermediate Server CA"""
"3","""www.buzzm.co.uk"""
"3","""Microsoft IT ITO SSL CA 1"""
"3","""E-Tugra Organization Validated CA"""
"3","""*.rair.co.za"""
"3","""AC CERTISIGN-JUS SSL G6"""
"3","""RootCA1"""
"3","""PostSignum Public CA 2"""
"2","""ns354174.ip-91-121-101.eu"""
"2","""Veterans Affairs Device CA B2"""
"2","""Trustis Limited"""
"2","""Hochschule Bonn-Rhein-Sieg CA - G01"""
"2","""ihe.wellcentive.com"""
"2","""T-Mobile USA Enterprise Issuing CA 01"""
"2","""ADinfra Issuing CA Class1"""
"2","""1.0.Root.RB-88389162"""
"2","""falconcorp.com.br"""
"2","""*.ta1eb.com"""
"2","""ceauto-CEASERVER-CA"""
"2","""crispmorningcoffee.com"""
"2","""Petrobras AC Emissora Corporativa"""
"2","""TU Chemnitz Certification Authority - TUC/URZ CA G3"""
"2","""Reconline Development Root CA"""
"2","""CFCA EV OCA"""
"2","""e-Mudhra CA SPL 2015-2"""
"2","""BHI-ENT-SEP.bhi.local"""
"2","""Fraunhofer Service CA - G01"""
"2","""DanubeDC subCA"""
"2","""dlockbox-issuingCA"""
"2","""Universitaet Stuttgart CA - G01"""
"2","""AC VALID BRASIL"""
"2","""crgca"""
"2","""bbctest-TROOTCA-CA"""
"2","""CA der LUH (UH-CA) - G03"""
"2","""srvhbnexc02.kupfer.intern"""
"2","""Shoper\u00ae SSL"""
"2","""plasticsurgeryservice.com"""
"2","""BadSSL Untrusted Root Certificate Authority"""
"2","""ec2-184-72-74-230.compute-1.amazonaws.com"""
"2","""LMU-CA"""
"2","""Universitaet Giessen S CA - G01"""
"2","""easternglove.com"""
"2","""gpborg-GPBORGSRV1-CA"""
"2","""GWDG CA"""
"2","""ProMedica Health System Encryption CA v2"""
"2","""fito-FITO800-CA"""
"2","""CA Universitaet des Saarlandes"""
"2","""KEYNECTIS SSL RGS"""
"2","""ePKI EV SSL Certification Authority - G1"""
"2","""FSAG-EMEA-SSL-CA_01"""
"2","""wgfr.westeurope.cloudapp.azure.com"""
"2","""ddctax-SERVER-CA"""
"2","""AC Interne Ca-Serveur"""
"2","""p11-preview.runhosting.com"""
"2","""erdely.dedulce.ro"""
"2","""www.aimsystems.ca"""
"2","""Uni Marburg CA - G02"""
"2","""dev.rixhengelsport.nl"""
"2","""testapp01.tilaa.2gcloud.nl"""
"2","""winpc035.winitsoftware.local"""
"2","""exchange.logicsoftware.co.uk"""
"2","""ValFac MC SecureCode Acquirer Sub CA"""
"2","""pipkins.mbsbooks.com"""
"2","""SC CONTACT CA"""
"2","""HS-Ulm-CA"""
"2","""donor.org.ua"""
"2","""inventaire.valinformatique.net"""
"2","""Equifax"""
"2","""EuropeanSSL High Assurance Server CA 2"""
"2","""DigiCert High Assurance EV CA-1"""
"2","""zedkon.infotech.de"""
"2","""VMware Installer"""
"2","""Parsons Brinckerhoff Production Issuing CA 1 R1"""
"2","""wola.krakow.pl"""
"2","""Espirito Santo Centrais Eletricas SA"""
"2","""Universitaet Duisburg-Essen CA -G01"""
"2","""Musroc-2K8CA"""
"2","""clustered.web.hosting"""
"2","""Digidentity Services CA - G2"""
"2","""Infrastructure"""
"2","""countersolutions-DC4-CA"""
"2","""Dixell"""
"2","""tserkva-ab.rapidanuncios.es"""
"2","""guaporetemp"""
"2","""Greco IT Authority Certificate"""
"2","""thawte EV SSL CA - G2"""
"2","""vps94978.vps.ovh.ca"""
"2","""JustIntel32"""
"2","""Freie Universitaet Berlin - FU-CA - G01"""
"2","""PETRONAS.COM.MY"""
"2","""Unknown"""
"2","""state-institutions"""
"2","""terceirapessoa.pt"""
"2","""InfrastructureCA Gebhardt"""
"2","""51netu.iloveclick.com.tw"""
"2","""Zertifizierungsstelle der TUM"""
"2","""CrossTrust DV CA3"""
"2","""Tunisian Server Certificate Authority - TunServerCA2"""
"2","""jeslin.se"""
"2","""Let's Encrypt Authority X1"""
"2","""AC Departamento Informatica y Automatica"""
"2","""webapp.intergroup.it"""
"2","""I.CA SSL CA/RSA 07/2015"""
"2","""Department of Environment Subordinate CA 01"""
"2","""SIP Product Certificate Authority"""
"2","""CA Klinikgruppe Dr. Guth"""
"2","""Uni-HD2-CA"""
"2","""Universitaet Paderborn CA - G01"""
"2","""VRK CA for Service Providers - G3"""
"2","""test-self-signed.spaceweb.ru"""
"2","""TV1.DE - New Television Solutions"""
"2","""Application CA G3 Sub1"""
"2","""Intel External Issuing CA 6A"""
"2","""usg50_107BEF2E8E3A"""
"2","""ip-192-168-1-130"""
"2","""Ruhr-Universitaet Bochum CA"""
"2","""soffico GmbH - Root CA"""
"2","""VeriSign Class 3 Extended Validation SSL SGC CA"""
"2","""DyLogic - Mirial Carrier Server"""
"2","""hammam-retreat.wsiworks.com"""
"2","""WIN-93IC1KI4HCJ"""
"2","""MarketWare - Solu\u00e7\u00f5es para Mercados Digitais, Lda. RSA DV CA"""
"2","""d38.globalfrag.com"""
"2","""IdenTrust ECA 4"""
"2","""do.benoni.no"""
"2","""Centrum Certyfikacji Hadoop Asseco"""
"2","""Synology Inc. CA"""
"2","""Justica"""
"2","""THIS IS A SELF-SIGNED TEST CERTIFICATE"""
"2","""WEDOS Certification Authority"""
"2","""FAU-CA"""
"2","""FALKE Central CA1"""
"2","""Network Solutions Certificate Authority"""
"2","""GlobalSign Organization Validation CA - G2"""
"2","""Symantec Class 3 ECC 256 bit Extended Validation CA"""
"2","""Santander Issuer ESBOA1 CA"""
"2","""ftp.Serv-U.com"""
"2","""Aetna Inc. Secure CA2"""
"2","""Stast"""
"2","""i-Notary TrustPath Validated Domain CA"""
"2","""fake"""
"2","""ip-172-31-47-141.us-west-2.compute.internal"""
"2","""Management Gateway (RA)"""
"2","""RoS Issuing CA"""
"2","""Autoridade Certificadora do SERPRO Final v4"""
"2","""MPG CA"""
"2","""ORC ECA 6"""
"2","""placerosemere.com"""
"2","""PORAR WEB APPLICATION CO. LTD."""
"2","""Vigor Router"""
"2","""AH Sub CA Medium"""
"2","""cp.thu.training.cb.nsc.no"""
"2","""MAYAMTL"""
"2","""naijashow.com"""
"2","""SAK-Trust-CA"""
"2","""airgaps..uy4gsv"""
"2","""TeleSec Business CA 1"""
"2","""United Nations CA"""
"2","""Richemont-International-SA-IssuingCA1"""
"2","""portaltest1"""
"2","""Universitaet Potsdam CA - G01"""
"2","""perfectpays.perfectb2c.com"""
"2","""Global-Uni-Ulm-CA"""
"2","""k2vsoftware.com"""
"2","""Visa eCommerce Issuing CA"""
"2","""DigiCert Global CA G3"""
"2","""global-GLOBALFRESERVER-CA"""
"2","""itsimple.jsd-gc.com"""
"2","""HydrantID EV SSL ICA G1"""
"2","""Deutscher Bundestag CA - G01"""
"2","""Nestle External CA"""
"2","""Autoridad de Certificacion de CLVSA"""
"2","""Starfield Secure Certification Authority"""
"2","""OsceEdgeRoot"""
"2","""parallels.com"""
"1","""FPS-SERVICES-CA"""
"1","""HS Bochum CA - G01"""
"1","""IT0CERTAD"""
"1","""yinedo.com"""
"1","""server2.rank-hosting.de"""
"1","""ntwdcainternal.cloudapp.net"""
"1","""evm-papp01-dmn.local.domain"""
"1","""sharenergy.default.jhalle.uk0.bigv.io"""
"1","""indotoursguide.com"""
"1","""SunLife Enterprise Certificate Authority"""
"1","""correo.inifom.gob.ni"""
"1","""www.mvk-stralsund.de"""
"1","""oberoigroup-CORPSRVCOMPMGR-CA"""
"1","""nabludatel.online"""
"1","""americanbulldogradio.com"""
"1","""test-ca"""
"1","""mobility.fsbbank.net"""
"1","""rpxy2.nzpost.co.nz ca"""
"1","""IFD-ROOT-CA"""
"1","""hosting.unisel.edu.my"""
"1","""kutahyam.saglikbiz.com"""
"1","""*.attocapital.com"""
"1","""DxNSUSRSRVSEG1.mhi.co.jp"""
"1","""azarnovin.edtdns.net"""
"1","""Universitaet Jena CA - G01"""
"1","""WMSvc-INSTANCE-DI8OPG"""
"1","""Santander Group Issuer CA ES"""
"1","""FIT-CA"""
"1","""StartCom Class 3 Primary Intermediate Server CA"""
"1","""vps308909.ovh.net"""
"1","""crabe.etsmtl.ca"""
"1","""mail.bbs.ro"""
"1","""v3test.mfrb.fr"""
"1","""mail.oakdalerec.com"""
"1","""IntermediateCA_MDM.SPANSET.DE_1"""
"1","""Apple Corporate Server CA 1"""
"1","""vps-Ubuntu16-LTS"""
"1","""*.lucraredelicenta.com"""
"1","""Groupe France Telecom Internal CA 1-2"""
"1","""PT AIRFAST Indonesia SR-CA"""
"1","""ip-172-31-18-62.us-west-2.compute.internal"""
"1","""et-template-jessie.neusta-is.de"""
"1","""*.badssl.com"""
"1","""5thstarair.com.au"""
"1","""ZZZ-W2012-TEST"""
"1","""socadis-SAD1SOCADIS-CA"""
"1","""manifestationqueen.com"""
"1","""Samsung Hubsite CA"""
"1","""HAMGUJCA-003"""
"1","""pinnacleresortspv.com"""
"1","""lindashelp.gwrnetwork.com"""
"1","""solyamilvocalcoach.com"""
"1","""CFCA OV OCA"""
"1","""INFRAESTRUCTURA"""
"1","""bjartron-BJ-SERVER1-CA"""
"1","""Universitaet Bonn CA"""
"1","""162-144-110-142.hostgator.com"""
"1","""192.168.178.10"""
"1","""smalleysgentsoutfitters.co.uk"""
"1","""sayasini.com"""
"1","""Sussex Root CA"""
"1","""BCP Enterprise Certification Authority"""
"1","""Computec-Enterprise-CA"""
"1","""SASJSSDP2.sas.edu.sg"""
"1","""yes24 Root CA"""
"1","""TH Wildau CA"""
"1","""pauledd"""
"1","""Lobo Certificate Authority"""
"1","""web.mfec.co.th"""
"1","""CDITDMN-CDITSERVER-CA"""
"1","""flyinggreenfrog.selfhost.eu"""
"1","""ca1.ecsystems.nl"""
"1","""itanetbandalarga.com.br"""
"1","""nexjet.m030c137.u027jp6985.info"""
"1","""DCRSHRTFS02D.dcrbdev.dcrb.local"""
"1","""TAM_octo"""
"1","""ESPRIT Netzwerk AG SSL CA 2"""
"1","""www.polycom.com"""
"1","""dollarinvestmentclub.com"""
"1","""cabvs039.nine.ch"""
"1","""Autoridade Certificadora da Presidencia da Republica v4"""
"1","""adm.advanced-investors.com"""
"1","""cx9-EX01.cxneun.local"""
"1","""BIOMO-NET"""
"1","""lyndon.positive-dedicated.net"""
"1","""catalogo-dth.cds.nowonline.com.br"""
"1","""madinatele.techsna.com"""
"1","""sqsolman.sqlan.local"""
"1","""Sonera Class2 CA"""
"1","""Juventus FC SPA"""
"1","""NRMARZSERVER01"""
"1","""Microsoft Secure Server CA 2012"""
"1","""IZTVMAIL01"""
"1","""agrargiganten.de"""
"1","""RootCA"""
"1","""HCMC-MCD-CA-01-CA"""
"1","""*.socadis.lan"""
"1","""portal.thesterlinggroup.co.uk"""
"1","""Jair"""
"1","""exch2003"""
"1","""ATHEX SSL Certificates CA"""
"1","""Goethe-Institut Server-Admin CA"""
"1","""WMSvc-HASUAT-WEB1"""
"1","""000000000.nl"""
"1","""AC-ABINNET"""
"1","""tracking.sanita.basilicata.it"""
"1","""groeneveld-ca"""
"1","""Boris Benko"""
"1","""KLASS3-SK 2016"""
"1","""cptest.cb.nsc.no"""
"1","""allianzlk-ALLIANZCA-CA"""
"1","""zimbra01.ferrocons.com.ar"""
"1","""bpdbali.co.id"""
"1","""SWIFT"""
"1","""Vast-Auto Class 1 Certification Authority"""
"1","""huronbeaches.ca"""
"1","""Skatteverket Microsoft Enterprise Open CA"""
"1","""bagawanta.com"""
"1","""wolf"""
"1","""dtvdcdp-ote.vcdn.att-idns.net"""
"1","""Shared Business CA 4"""
"1","""ospanel"""
"1","""ssd90251.com"""
"1","""FEG Class 2 Issuing CA"""
"1","""mail.iteasybg.com"""
"1","""lumitex-STR-CA"""
"1","""InfoPlus Root CA"""
"1","""mahad-aisyah.com"""
"1","""SATH-SATH-CA"""
"1","""ucg-AD01-CA"""
"1","""pantanassamonastery.org"""
"1","""web2-den.connecteddatasolutions.com"""
"1","""ftp2.analog.co.at"""
"1","""KASEYA2"""
"1","""certificat racine"""
"1","""plesk.com"""
"1","""aios3-staging.agentimage.com"""
"1","""site2x.com"""
"1","""harmonia.fr.capgemini.com CA"""
"1","""BDCH-SUB1-CA"""
"1","""godmoneybot.com"""
"1","""qta-1.co.id"""
"1","""S1DMZTST002"""
"1","""Southern Company External Issuing CA 1"""
"1","""vps455019.ovh.net"""
"1","""Datahost s.r.o. CA"""
"1","""coljppp.myaccountppp.anglianwater.co.uk"""
"1","""selfsigned.cloudwaysapps.com"""
"1","""mecs-ca.cfp.coppellisd.com"""
"1","""Department of Environment Subordinate CA 02"""
"1","""GDCA TrustAUTH R4 OV SSL CA"""
"1","""vpn.lotterental.net"""
"1","""TCS-INDIASUBCA2"""
"1","""Trustwave Organization Validation CA, Level 2"""
"1","""thundersplash.com"""
"1","""91.240.23.99"""
"1","""d76x-kcw2.accessdomain.com"""
"1","""homepages1.notarnet.de.notarnet.de"""
"1","""worldwidehairhub.com"""
"1","""radio.toomedia.de"""
"1","""mabaworks.com"""
"1","""SG-6000"""
"1","""InCommon Server CA"""
"1","""concalaverasnet.actuallybetter.com"""
"1","""AUVIX RCA_256 (Root Certification Authority)"""
"1","""datechsys.com"""
"1","""Unitas-SRV-AZ-CA02-CA"""
"1","""southindiaretailsummit.com"""
"1","""*.insellerate.com"""
"1","""mma-SRV610VM77-CA"""
"1","""sparcdev.securegive.com"""
"1","""com-linweb067"""
"1","""stefanie.way2web.nl"""
"1","""Test2016-Toss"""
"1","""GDCA TrustAUTH R4 DV SSL CA"""
"1","""cert_CA"""
"1","""ecashmeup.com"""
"1","""vungtau-DC1-CA"""
"1","""supereasyltd.com"""
"1","""demodiplomat.unisoftbg.com"""
"1","""cibdev.safir.es"""
"1","""dev.mioto.vn"""
"1","""nginx"""
"1","""lime01.limedio.com"""
"1","""slingbrandinc.wanderwiser.com"""
"1","""tereambrosio.com"""
"1","""litetoday.khmer-lite.com"""
"1","""mail.ttd.hu"""
"1","""skyjewelsonline.com"""
"1","""mail.chorotega.hn"""
"1","""*."""
"1","""SSL Blindado EV 2"""
"1","""poczta.zspczarnkow.edu.pl"""
"1","""sei.cnpq.br"""
"1","""vps21076.inmotionhosting.com"""
"1","""CA sanita Veneto"""
"1","""Proxmox Virtual Environment"""
"1","""serbiosoc.org.rs"""
"1","""*.902.gr"""
"1","""swojtbtest2-DC01-CA"""
"1","""UniKoeln CA"""
"1","""p3-preview.runhosting.com"""
"1","""IntermediateCA_MALIFER.ERZIEHUNG.UNI-GIESSEN.DE_1"""
"1","""phaas.kr"""
"1","""Klampfer-Druck-UDKCA01-CA"""
"1","""Entrust Certification Authority - L1F"""
"1","""Tribunal Supremo de Elecciones - TRIBUNAL - TSECRC"""
"1","""mail.vapesworld.gr"""
"1","""server.valenteemnoticias.com"""
"1","""SSC GDL NH CA"""
"1","""sandbox.teamscoring.com"""
"1","""Capitaland"""
"1","""SCH SERVER Class 1 CA"""
"1","""licence.actual-systems.com"""
"1","""Fabian Peter Hammerle"""
"1","""ec2-52-77-238-117.ap-southeast-1.compute.amazonaws.com"""
"1","""GLOBALTRUST SERVER OV 1"""
"1","""dev-ask-msa.com"""
"1","""AC Certisign Multipla G5"""
"1","""lapatisseriegourmande.pgtoscano.odns.fr"""
"1","""micromaint.total.cm"""
"1","""verityCA"""
"1","""vps10013.lnx.vps.isx.net.nz"""
"1","""srv1"""
"1","""mail.buhalterijoscentras.lt"""
"1","""devcms.elcintl.com"""
"1","""synergy.ict.ru.ac.za"""
"1","""nuffood.com"""
"1","""Migros System CA 2"""
"1","""server1.birdshop.co.uk"""
"1","""rds.greenwoods.co.uk"""
"1","""ECOH2S-ISSCA01(1)"""
"1","""*.coin-traders.net"""
"1","""Tradeshift Root Certificate Authority"""
"1","""Equifax Secure Global eBusiness CA-1"""
"1","""Postbank Systems AG Produktion CA 01"""
"1","""Blue Coat Systems Hybrid Portal Intermediate CA"""
"1","""GFIGroup.com"""
"1","""rh.dedyn.io"""
"1","""FENL-MER1BCK010-CA"""
"1","""Minneapolis-CGM-L01-LDRV"""
"1","""scolotto"""
"1","""unitis-SBS01UNITIS-CA"""
"1","""RSA root CA for C1W-AMX01.shllc.local"""
"1","""ec2-52-34-105-88.us-west-2.compute.amazonaws.com"""
"1","""eKassir Group Enterprise PKI CA01"""
"1","""ip-172-31-1-183"""
"1","""SRG SSR C3 Machine CA 1"""
"1","""CNRS2-Standard"""
"1","""GlobalSign R8 Admin CA - SHA256 - G3"""
"1","""ParaSun Certificate Authority"""
"1","""EurobankSubCA-3"""
"1","""certificate"""
"1","""kmgovernance.gsb.or.th"""
"1","""portal.subsentio.com"""
"1","""ec2-18-221-212-162.us-east-2.compute.amazonaws.com"""
"1","""nui-very.ru"""
"1","""192.168.200.1"""
"1","""TBI-MAC-10-96-30-10.local"""
"1","""*.edd.fr"""
"1","""sundoor"""
"1","""Trusted Secure Certificate Authority DV"""
"1","""Fraport AG CA Serversicherheit 2009"""
"1","""Entidad Certificadora de RIOJASALUD"""
"1","""CRGT-CA"""
"1","""Snake Oil CA"""
"1","""Rayanmehr Root Authority"""
"1","""bankmayapada-CA"""
"1","""telewrkr-camb.lwolf.com"""
"1","""ESRS2CA"""
"1","""medicareguider.usamedicareadvisors.com"""
"1","""bbc-12.qlued.net"""
"1","""Nintendo Class 2 CA - G3"""
"1","""5.187.5.99"""
"1","""mattresssouq.com"""
"1","""Smailer.org RootCA"""
"1","""DU Enterprise CA 1"""
"1","""GDCA TrustAUTH R4 EV SSL CA"""
"1","""pfSense-58f1131e37b1c"""
"1","""fkoll.ronsoft.se"""
"1","""kis.com.gr"""
"1","""jsracs-JSRS29-CA"""
"1","""TUHH CA in DFN-PKI Global - G01"""
"1","""MM-NC1.home"""
"1","""PRD MasterCard 3DS1 Issuer Sub CA"""
"1","""FernUniversitaet in Hagen Global CA"""
"1","""matbull.com"""
"1","""mail.atlasmaritime.eu"""
"1","""websync.bluebombers.dvsport.com"""
"1","""GlobalSign Organization Validation CA"""
"1","""194.165.154.34"""
"1","""*.0pointer.net"""
"1","""Bitrix"""
"1","""ospreywmg-SERVER1-CA"""
"1","""*.platin.prokasshop.de"""
"1","""m2200.sgded.com"""
"1","""sensornetwork.ealp-net.duckdns.org"""
"1","""wawe.ee"""
"1","""JHMC-CA"""
"1","""Credit Agricole Bank Polska Enterprise CA"""
"1","""www.tbl.boots.com"""
"1","""portal.cloud-ro.com"""
"1","""esportesradicais.online"""
"1","""wdsmp.petrobras.com.br"""
"1","""domain-SBS2011-CA"""
"1","""redmine"""
"1","""TU Clausthal CA - G02"""
"1","""ssl.certificate"""
"1","""mywaterbottle.in"""
"1","""NSW-DEC-ISS-CA1"""
"1","""wlsstamping-WLSPDC16-CA"""
"1","""aiss.af"""
"1","""cryptotech-ltd.com"""
"1","""*.popawu.com"""
"1","""csntlstest.topl.com.au"""
"1","""SIGOV-CA"""
"1","""circinus.guanajuato.gob.mx"""
"1","""zimbra097-ind.megavelocity.net"""
"1","""Hewlett-Packard Virtual Rooms Certificate Authority"""
"1","""w3.lptms.u-psud.fr"""
"1","""bossdrapps"""
"1","""me.addny.org"""
"1","""zmldap1.kemenpar.go.id"""
"1","""alendelfabrics.com"""
"1","""raederfamilie-DC-01-CA-1"""
"1","""Bart Mulders"""
"1","""server3.wmd-ssd3.com"""
"1","""corp-CORECA02-CA"""
"1","""box2.optix-solutions.com"""
"1","""rocknrattle.ca"""
"1","""todaysconveyancer.co.uk"""
"1","""cloud276"""
"1","""Grandline Web CA"""
"1","""Reelgood Inc"""
"1","""vanderbiltglobal.safeconsolecloud.io"""
"1","""Clearswift"""
"1","""myetlhearwallet.mythervvallet.com"""
"1","""NO LIABILITY ACCEPTED - QMOP Test Root 2017-10-09"""
"1","""mylegendarydad.com"""
"1","""thriftexchange.couponingwebsite.com"""
"1","""www.applied-cryptography.com"""
"1","""websync.tigercats.dvsport.com"""
"1","""Kaspersky Lab Global CA G2"""
"1","""solid.intranet"""
"1","""TSG WebAdmin CA"""
"1","""CA ITSN 02"""
"1","""giftdealnow.com"""
"1","""GIP-CPS"""
"1","""UNIVERSITAET LEIPZIG CA"""
"1","""dev.newsroomly.com.au"""
"1","""Conceitual"""
"1","""cordatm.net"""
"1","""IntermediateCA_SERVERVINA.STS-CHILE.CL_1"""
"1","""69.146.233.58"""
"1","""denori.com"""
"1","""Pivotal"""
"1","""T-Online Hungary CA"""
"1","""Universitaetsklinikum Freiburg CA - G01"""
"1","""saivian.net"""
"1","""SUBCA06BCR"""
"1","""4002764318100036"""
"1","""mail.megware.com"""
"1","""ec2-34-201-134-49.compute-1.amazonaws.com"""
"1","""FortiWEB"""
"1","""Microsoft Update Secure Server CA 1"""
"1","""StormWall"""
"1","""*.closemania.com"""
"1","""ABB Issuing CA 8"""
"1","""47.88.223.62"""
"1","""idfsrvprapp05"""
"1","""O2"""
"1","""connesignCA"""
"1","""mail.chemicalpharm.com"""
"1","""Boeing Basic Assurance Software Issuing CA G3"""
"1","""p1-atksla.webhotelpro.fi"""
"1","""s166-62-92-119.secureserver.net"""
"1","""gd-urengoy-GDU-CA-001-CA"""
"1","""CA-NetScaler-Intermediate"""
"1","""Dormera Security Root CA 2"""
"1","""Filip Van Dyck"""
"1","""Vorwerk International Server PROD-AP-SOUTHEAST-2 CA"""
"1","""remote.vitahungary.hu"""
"1","""ckdn-int01.hitachi-ap.co.jp"""
"1","""undef"""
"1","""predictablr.com"""
"1","""wisesolenergy.com"""
"1","""galerievalentin.com"""
"1","""MAILSRV"""
"1","""trubaciorkestar.com"""
"1","""GibsonDunnCrutcherLLP"""
"1","""viam.com.ua"""
"1","""wineaway.com.au"""
"1","""stblogs.directv.com"""
"1","""ifd-demo-IFD-DC1-CA"""
"1","""mail.daehn.me"""
"1","""REMNUM"""
"1","""Natcon7 Intermediate Certificate Authority"""
"1","""WIN-AD86P1Q1921"""
"1","""puppa-pro.com"""
"1","""themorgue CA"""
"1","""ub-sk"""
"1","""www.asp4all.nl"""
"1","""UKH-PISCA02"""
"1","""MarriottSubCA1"""
"1","""emruat-758354-NGUATAD1-CA"""
"1","""TextSecure"""
"1","""QuoVadis PKIoverheid EV CA"""
"1","""optic1.spidermaker.com"""
"1","""Visa Information Delivery External CA"""
"1","""srvexchange2016"""
"1","""KEMP Technologies"""
"1","""IssuingCA-SCA01"""
"1","""Intevation TLS CA 2016"""
"1","""webCARES Issuing CA 2013"""
"1","""tkt-SBS2008-CA"""
"1","""hbz NRW CA - G02"""
"1","""gtiqos.com"""
"1","""UHH CA - G02"""
"1","""saarmesse-EVENTSRV-CA"""
"1","""KB Interni 3 CA"""
"1","""iDRAC6 default certificate"""
"1","""motes.se"""
"1","""dgvision.com.mx"""
"1","""sisalud.chubut.gov.ar"""
"1","""FRONTIER-CA"""
"1","""acer-S-EN-CA-CA"""
"1","""Jordan CA01"""
"1","""CA Pruebas ICM Desarrollo"""
"1","""secrevm.fiberlink.com"""
"1","""DARPA SubCA-1"""
"1","""Jeff"""
"1","""testpro.douane.gouv.fr"""
"1","""mail2.ftpmaster.hu"""
"1","""klarotecnologia.com.co"""
"1","""Remittance Hub Admin CA"""
"1","""Centrum Certyfikacji Urz\u0119du Miasta Krakowa"""
"1","""aria.projects.local"""
"1","""BankID SSL Root Certification Authority TEST"""
"1","""web.gzfda.gov.cn"""
"1","""tejaratsaz.com"""
"1","""192.168.1.1"""
"1","""WMSvc-YODA"""
"1","""mivozipip.sytes.net"""
"1","""zmail.ssp.df.gov.br"""
"1","""elgron.org"""
"1","""00:1C:7F:70:56:FA..jxrxiv"""
"1","""bwanalitics.teamwork.net"""
"1","""webcebir.com"""
"1","""droncanarias.fundacionciudaddepapel.org"""
"1","""adler-ADLERSRV-CA"""
"1","""ozero-DC01-CA"""
"1","""jaredtysak.com"""
"1","""screenshop.in"""
"1","""Univention Corporate Server Root CA (ID=egDCjswM)"""
"1","""owncloud.terralia-immobilier.fr"""
"1","""joel-bouchard-artist.ca"""
"1","""KordaMentha Issuing CA 1"""
"1","""www.auvieuxcampeur.fr"""
"1","""ec2-52-211-247-61.eu-west-1.compute.amazonaws.com"""
"1","""MPU IB"""
"1","""outofhouse.agency"""
"1","""10.88.100.3"""
"1","""3geng.com"""
"1","""coineer.m010c131.u013jp7480.info"""
"1","""Stormshield Network Security Products CA"""
"1","""89.140.26.106"""
"1","""BDC-CA"""
"1","""lptms.u-psud.fr"""
"1","""tsm.meibu.com"""
"1","""MYOB Issuing CA 1"""
"1","""98.175.132.92"""
"1","""SSLproject1"""
"1","""Test Gemalto CI Consumer v2"""
"1","""guardian.pelotas.ifsul.edu.br"""
"1","""dedebursa.yinedo.com"""
"1","""mureborn.ru"""
"1","""idrac-4K34842"""
"1","""remote.swanlea.towerhamlets.sch.uk"""
"1","""eu-pws-root-ca"""
"1","""AFNOAPPS LTMA CA-2"""
"1","""dm4.fastdomain.com"""
"1","""catti-webgalitt"""
"1","""admin@sentry.localdomain"""
"1","""ca-cert-01"""
"1","""radiof1.orlandohugo.com"""
"1","""192.168.168.168"""
"1","""BadSSL MITM Software Test"""
"1","""ip-172-31-20-38"""
"1","""72.167.41.12"""
"1","""Foregenix CA"""
"1","""ARKEMAWEB02"""
"1","""DDI Enterprise CA"""
"1","""idc.i-heart.co.kr"""
"1","""ra1.ty1.unics.ricoh.com"""
"1","""TC Intermediate"""
"1","""*.client.hqsolutions.ro"""
"1","""Roche Enterprise CA 1"""
"1","""fiberon.in"""
"1","""EconolinkRoot"""
"1","""getremotesupport.dattobackups.ca"""
"1","""BLAZEK-CA-16"""
"1","""cinwe.fr"""
"1","""bbc-11.qlued.net"""
"1","""WCCC -CA"""
"1","""(CERT) MULTICERT Certification Authority 002"""
"1","""Schlumberger Issuing CA1"""
"1","""kdc_ca"""
"1","""foodwise-cc.vodafone.ro"""
"1","""Moosend"""
"1","""villa72.com"""
"1","""gitlab.drobson.pl"""
"1","""billing.mtnbusiness.cm"""
"1","""SRCA"""
"1","""massurya.tk"""
"1","""LCloud-Issuing-SLCSICAV01-CA"""
"1","""EUNETIC - EuropeanSSL Extended Validation Server CA 2"""
"1","""ubuntu"""
"1","""groovenexus.forethought.in"""
"1","""dinpar.com.br"""
"1","""Beuth Hochschule Berlin CA"""
"1","""ip-172-30-4-222"""
"1","""aladdinsrugs.ca"""
"1","""dcode"""
"1","""Bank Islam Malaysia Berhad"""
"1","""Centene OFL SUBCA1"""
"1","""fraserlawyers.lttlrpltestsite2.com"""
"1","""qlik2.470claims.com-CA"""
"1","""golawenforcement.com"""
"1","""103.56.232.106"""
"1","""fwmgmt1..pbixd9"""
"1","""WISeKey CertifyID Advanced Services CA 4"""
"1","""nwcab.cf"""
"1","""DD"""
"1","""gratz23.at"""
"1","""bot.pinkd.moe"""
"1","""Beast"""
"1","""mygstrate.ca.guru"""
"1","""trio-tcs.com"""
"1","""NA"""
"1","""vijayaupitest.fssnet.co.in"""
"1","""USDA NITC Issuing CA"""
"1","""iZuf6ggladnrj1Z"""
"1","""helwe-cert"""
"1","""com-linweb093"""
"1","""Certifikacni Autorita QCM, s.r.o."""
"1","""mail.paktar.com.ar"""
"1","""example.com"""
"1","""inventario.metrotenerife.com"""
"1","""TWCA Secure Certification Authority"""
"1","""9mate.org"""
"1","""efn-web-srv08"""
"1","""QR-Oakton Support CA"""
"1","""Cyberoam Appliance CA_C35315472866"""
"1","""kbh-SBS2011-CA"""
"1","""treemendoustreecare.com.au"""
"1","""SFR AC BUREAUTIQUE"""
"1","""jdmgenetics.co.uk"""
"1","""munir-co.com"""
"1","""AC Camerfirma Express Corporate Server v3"""
"1","""ryandental.springfieldmedspa.com"""
"1","""*.*"""
"1","""Elanet"""
"1","""phone.acemetrix.com"""
"1","""ClCert1"""
"1","""MBIIS CA"""
"1","""qa1599.cover-all.com"""
"1","""EADS ecoSHA2CA1"""
"1","""igamingleads.com"""
"1","""Gebauer GmbH VPN CA"""
"1","""pki-qkey-issueca"""
"1","""Sachsen Global CA"""
"1","""Instituto de Informatica CA"""
"1","""Minist\u00c3\u00a8re de la Culture"""
"1","""PFM CA User Key"""
"1","""vps253779.ovh.net"""
"1","""centos-rpi3"""
"1","""WMSvc-WIN-9VCI5RDE18J"""
"1","""ecacrisis.eu"""
"1","""www.faa.mil.ar"""
"1","""BELLE2"""
"1","""HSBC Issuing CA02"""
"1","""pi-trenton-apps.piacton.com"""
"1","""cmatech-CMADC1-CA"""
"1","""mrez.ir"""
"1","""Wunderfund"""
"1","""arklys"""
"1","""Gandi Standard SSL CA"""
"1","""ASB-Security BV"""
"1","""Niagara4"""
"1","""ThinkingWeb1.extreme2.thinkingnet.com"""
"1","""server.com"""
"1","""Loomis Ent CA 01"""
"1","""Thomson Reuters External Services UAT CA"""
"1","""www.exotictours.co.uk"""
"1","""ctf-SRV-MAIN-CA"""
"1","""GISA-ICA1"""
"1","""fpcholland.org"""
"1","""dummyssl.ltd"""
"1","""Verizon Public SureServer CA G14-SHA1"""
"1","""UNIVERSITAETSmedizin. Mainz - CA - G01"""
"1","""blacklimo-ca.emenacsoft.net"""
"1","""FG621B3910600772"""
"1","""*.fulp.es"""
"1","""It's \""Hi-ho, Silver!\"""""
"1","""festivaltapdog.yokenbo.com"""
"1","""CrossCert Class 2 Server CA"""
"1","""portal.ggpuk.com"""
"1","""IKEA Issuing CA V3"""
"1","""Hochschule fuer Technik und Wirtschaft Berlin"""
"1","""caCertificate_3"""
"1","""GSM Association - RSP2 Root CI1"""
"1","""capandapre"""
"1","""andre.host"""
"1","""Echo Dnia"""
"1","""cl-t032-152cn"""
"1","""ip-172-31-18-80"""
"1","""PH Schwaebisch Gmuend CA"""
"1","""nuodefund-OA-AD01-CA"""
"1","""bossprodapps"""
"1","""ca.uat.nexishub.ag.gov.au"""
"1","""dev.egge.com"""
"1","""OT-Morpho"""
"1","""DeltadsEntCA"""
"1","""realtysolutions.stubbinsrealty.com"""
"1","""globalhimi.mtip.pro"""
"1","""PBXERIX"""
"1","""entrepreneurera.in"""
"1","""thawte Trial Secure Server CA - G2"""
"1","""Contacta Internet Authority"""
"1","""Lighttpd CA"""
"1","""marginrecovery.com"""
"1","""kv-DC1-CA"""
"1","""connect-test.entergy.com"""
"1","""apps"""
"1","""52.207.36.152"""
"1","""ns1.kartery.com"""
"1","""Smart Gate pro"""
"1","""lkxzzmpfhwghec34.myfritz.net"""
"1","""a-sign-SSL-05"""
"1","""replibit.com"""
"1","""p.lvtu.in"""
"1","""CPTMGMT..669vi8"""
"1","""WaveMark Test Root CA"""
"1","""gost"""
"1","""FDIC Test Issuing CA"""
"1","""cismet GmbH - cids server"""
"1","""webapps.grindrod.com"""
"1","""wg.espcasemanagement.com"""
"1","""Grupa TELEKOMUNIKACJA POLSKA"""
"1","""TWCA Global EVSSL Certification Authority"""
"1","""Vorwerk International Server PROD-EU-CENTRAL-1 CA"""
"1","""PP-20170905210909854.portal.ptc.io"""
"1","""blog.marshalls-portal.co.uk"""
"1","""winexch2010"""
"1","""INSIM Services CA2"""
"1","""USER"""
"1","""Kvikna Sales"""
"1","""radiology-uat.medicalanalytics.com"""
"1","""jornadasderechooviedo.tk"""
"1","""myprofile-pp.schneider-electric.com"""
"1","""test.tis.accenture.com"""
"1","""usg20_B0B2DCBE7950"""
"1","""COMODO SHA-2 Pro Series Secure Server CA"""
"1","""Certinomis Corporate G4"""
"1","""extendedintermediate.protectbuy.com"""
"1","""puskesmascilodong.com"""
"1","""Veranstaltungsforum F\u00fcrstenfeld"""
"1","""ubercarinsure.com.au"""
"1","""ecisnet260.ec-is.net"""
"1","""TAMUZ-Devices CA G2"""
"1","""UZI-register Server CA G21"""
"1","""ip-172-16-0-215.ap-southeast-2.compute.internal"""
"1","""arad.talahost.info"""
"1","""rpay.id"""
"1","""34.249.175.72"""
"1","""az-reactnix01"""
"1","""domain.com"""
"1","""COMODO High Assurance Secure Server CA"""
"1","""JDIB-JDIBDCO01-CA"""
"1","""sicknessdacreator.com"""
"1","""Gov-SSL CA"""
"1","""pfSense-581bdb9e1518f"""
"1","""dealersuzuki.co.uk"""
"1","""monitor.unicredit.ro"""
"1","""BankID SSL Root Certification Authority"""
"1","""keeneyephotoapp.net"""
"1","""mr-sharma.com"""
"1","""Go Daddy Root Certificate Authority - G2"""
"1","""MOL Issuer CA 2"""
"1","""webdb00.lws-hosting.com"""
"1","""lifesizevc.phsi.promedica.org"""
"1","""li1054-85.members.linode.com"""
"1","""Symantec Class 3 DSA EV SSL CA"""
"1","""innomarket.hu"""
"1","""Self-signed Carbon Black Enterprise Server HTTPS Certificate"""
"1","""UniCredit Subordinate Internal"""
"1","""broker-max.com"""
"1","""gw.platform-saga.com"""
"1","""frontrow.boholfood.com"""
"1","""zabiyaka.net"""
"1","""triosounds.com"""
"1","""Railoc Enterprise Root CA"""
"1","""ankurmedicals.com"""
"1","""global-world.co.uk"""
"1","""mail.sp-holding.ru"""
"1","""Certinomis - AA et Agents"""
"1","""4003549632100122"""
"1","""SWD Subordinate CA4"""
"1","""Personal"""
"1","""pbx.clickguard.org"""
"1","""moexad-DC1-CA"""
"1","""Pecas on Line"""
"1","""SCHAEFER-CA"""
"1","""Default SSL Certificate"""
"1","""*.salce.ch"""
"1","""ABB Issuing CA 6"""
"1","""helmig.gramex.dk"""
"1","""NetEDI-CA-CA"""
"1","""default FTUIIL"""
"1","""Bayerische SSL-CA-2016-01"""
"1","""p7299.phpnet.org"""
"1","""PRIMAVERABSS Root CA"""
"1","""Campus Berlin-Buch CA - G02"""
"1","""YaST Default CA (www)"""
"1","""mail.prakticomp.hu"""
"1","""CMA-CGI..mawpnw"""
"1","""Pinnacol Assurance Issuing CA"""
"1","""cryptocoinera.com"""
"1","""test.gavstech.com"""
"1","""Michael Bompani"""
"1","""server"""
"1","""mail.mxname.ru"""
"1","""dev.okasweb.com"""
"1","""vpn.mpcompany.ru"""
"1","""coolgadgets.amazonfurniturestore.com"""
"1","""Autorit\u00e9 de Certification Services Applicatifs"""
"1","""business-cover-uk.co.uk"""
"1","""bbc-03.qlued.net"""
"1","""Kubernetes Ingress Controller Fake Certificate"""
"1","""*.lavirginia.com.ar"""
"1","""rly-hq-smr01."""
"1","""Turris Emergency CA"""
"1","""incapsula.com"""
"1","""owncloud.artificialgenetics.es"""
"1","""amit"""
"1","""Renfe Operadora Aplicaciones CA"""
"1","""Cihaz Sertifikas\u0131 Hizmet Sa\u011flay\u0131c\u0131 - S\u00fcr\u00fcm 4"""
"1","""zimbra-ldap.cbncloud.local"""
"1","""www.pnbupi.com"""
"1","""snom technology AG SHA-256 CA"""
"1","""chkar.appaik.com"""
"1","""HSU CA - G01"""
"1","""BB"""
"1","""mail.regalado.com.ec"""
"1","""AutoCont CA2"""
"1","""pre-portafirmas.dival.es"""
"1","""vs-w2k12-eview"""
"1","""amacatech4"""
"1","""Virginia Tech Global Qualified Server CA"""
"1","""template-hc-web-fpm"""
"1","""SSL Titkos\u00edt\u00f3 Tan\u00fas\u00edtv\u00e1nykiad\u00f3 2014 - GOV CA"""
"1","""datadunya.com.tr"""
"1","""SwissSign Server Gold CA 2008 - G2"""
"1","""AC INFRASTRUCTURE ERDF"""
"1","""toppanleefung.com"""
"1","""TOTALBP-CA"""
"1","""Zone Root CA"""
"1","""PwC SSL Issuing - 1"""
"1","""testapica"""
"1","""B-Trust Operational CA AES"""
"1","""Heidelberger Druckmaschinen AG"""
"1","""desktop-qmhq8c1"""
"1","""DFN-CA Global"""
"1","""phongkhamdakhoabaylor.phongkham.com"""
"1","""axisfuture.com"""
"1","""qbriq.com"""
"1","""Uni Regensburg CA - G01"""
"1","""vreugdnet-DC2-CA"""
"1","""security.inc WebAdmin CA"""
"1","""naka.ninja"""
"1","""aia.com.pe"""
"1","""sitederencontreserieux.fr.v36828.hostde12.fornex.org"""
"1","""PSASG-WIN1NWSVC1-CA"""
"1","""RaabIT-CA"""
"1","""nvc.fortiddns.com"""
"1","""SRV-KM-2017-CA"""
"1","""GRS CA"""
"1","""www.esaraha.net"""
"1","""tsecurity.ir"""
"1","""Colgate Palmolive Corporate Issuing CA3"""
"1","""GlobalSign Organization Validation CAT - G2"""
"1","""spb-010.corp.muranosoft.com"""
"1","""SWIETELSKY-SUBCA001"""
"1","""default CNPVRV"""
"1","""*.ico.sx"""
"1","""mtsa"""
"1","""communigate.com"""
"1","""sip.defesa.gov.br"""
"1","""vmbg-tw.sagehospitality.com"""
"1","""cahttpsserverscrx"""
"1","""forexgroupltd.com"""
"1","""laurentius.nl"""
"1","""*.cdngp.net"""
"1","""getcashadvancenowhere.com"""
"1","""lobbybook.com"""
"1","""S-WEB-WEB"""
"1","""Orange Internal G2 Server CA"""
"1","""intranet-AD6-CA"""
"1","""BadSSL Intermediate Certificate Authority"""
"1","""COTTAGE-ROOT-CA"""
"1","""connect.stjarnurmakarna.se"""
"1","""MI-TAR-DMSLISPA.lispa.it.xbaech"""
"1","""mail.hospitalsaludintegral.com.ni"""
"1","""afamb.com.br"""
"1","""AH_CA_tentscepo01"""
"1","""kartprofit.com"""
"1","""mail.tomskoil.ru"""
"1","""novaventa"""
"1","""vk1"""
"1","""Trial SSL Japan CA - G2"""
"1","""*.iaqa.local"""
"1","""home.maikhaesner.de"""
"1","""bitrobot.me"""
"1","""KEGOC BEMS Root CA"""
"1","""movierulz.ms"""
"1","""Kssion Basic SSL CA - G1"""
"1","""crm.u.com.my"""
"1","""twosigma.e-dapt.com"""
"1","""LordOfMoria.com"""
"1","""ras.pplex.ch"""
"1","""ssl.exekutorskyurad.eu"""
"1","""internal-ca"""
"1","""e-mon Primary CA"""
"1","""Stantec Issuing CA 1"""
"1","""www.kavosz.hu"""
"1","""roofsni.acupuncture-hq.com"""
"1","""phiStat Intermediate CA"""
"1","""HBi Dev Environments (IMCA)"""
"1","""ip-10-235-56-134"""
"1","""EC2AMAZ-P4QE70V"""
"1","""lmengservicesuat.haeco.com"""
"1","""warrant.tp-link.us"""
"1","""AC SecurSante RAMQ PARTE"""
"1","""Correo Uruguayo - CA"""
"1","""auralis CA"""
"1","""185.43.220.31"""
"1","""slgk691.piensasolutions.com"""
"1","""shfe"""
"1","""SCHUFA Holding AG - Zertifizierungsstelle Rechenzentrum"""
"1","""chef.chdev.com.ua"""
"1","""JSTAT-COM-CA"""
"1","""imp-app21"""
"1","""CLDILBIZAPP01.cloudapp.net"""
"1","""CIMBTHAI CA"""
"1","""id28183"""
"1","""suplementos.coach"""
"1","""VHS-Ostalb-SBS2008-CA"""
"1","""AC Prod Authentification Ordinateurs"""
"1","""itoppsca"""
"1","""fdv solutions"""
"1","""investcrown.azuld.com"""
"1","""bubbelskum.com"""
"1","""extranet-EXTRA-CA-01-CA"""
"1","""BASW-CONNECT.basw.local"""
"1","""dlo.veritas.com"""
"1","""RSA root CA for cpamsd1.chadbourne.com"""
"1","""toolkit.cucbc.com"""
"1","""vps399855.ovh.net"""
"1","""Red Hat Entitlement Operations Authority"""
"1","""Platforma nc+"""
"1","""wiccert.com"""
"1","""ip-172-31-59-108"""
"1","""giangvo"""
"1","""turtleeggs.m010c207.u011jp8022.info"""
"1","""ChurNet Issuing CA 2"""
"1","""ks209986.kimsufi.com"""
"1","""Uni Duesseldorf CA-G01"""
"1","""HARTMANN GROUP Issuing CA 01"""
"1","""WMSvc-497017-APP1"""
"1","""*.dynamic.hivecdn.com"""
"1","""www.mauter.com"""
"1","""ZIB-CA"""
"1","""coveysys.com"""
"1","""Capax Cloud Cloud Services (NTAPDMZ) CA - 01"""
"1","""violator.dyndns.biz"""
"1","""Shrenik"""
"1","""WMSvc-C01APP001"""
"1","""allicatdbdev.ipc.com"""
"1","""mail.homabay.go.ke"""
"1","""Edrana"""
"1","""www.dip-caceres.es"""
"1","""CITRIX-CA"""
"1","""AC PRODEMGE G3"""
"1","""mail.behpardakht.com"""
"1","""cgn.cheeseburg.de"""
"1","""SHAFT"""
"1","""lnp6.fxservices.uat.markit.com"""
"1","""42"""
"1","""kansascityflowersdelivery.com"""
"1","""usdpay.net"""
"1","""evos-infogerance-EVO-DC01-CA"""
"1","""DEFENSA-EC-WPG2016"""
"1","""iZ28a0ewihmZ"""
"1","""akesoembryo.gr"""
"1","""TUB-CA"""
"1","""89.202.218.130"""
"1","""VILMA-CA"""
"1","""*.heckby.ru"""
"1","""GKS CA"""
"1","""e-projekty.asseco.pl"""
"1","""WANGSERVER"""
"1","""sunrisecomputing.net"""
"1","""KHRMK_TREE"""
"1","""cfs5.futurshock.com"""
"1","""VBP Self-Signed Certificate"""
"1","""silvercauldron.net"""
"1","""Server CA"""
"1","""Zertifizierungsstelle Universitaet Muenster - G02"""
"1","""intca2.trimedx.com"""
"1","""sun-elom"""
"1","""Bw V-PKI CA 2017"""
"1","""HPS Issuing CA"""
"1","""systempromx.com"""
"1","""ec2-35-161-181-78.us-west-2.compute.amazonaws.com"""
"1","""laeboo.arrayaahiin.sch.id"""
"1","""mondo.sdv.fr"""
"1","""PIWIGO"""
"1","""wordpress.off732.com"""
"1","""ExpiTrust test CA v7"""
"1","""cpw2015.continuum.ie"""
"1","""ad4me.co"""
"1","""mygadgetreviewer.com"""
"1","""sshatak.bharatchhatre.com"""
"1","""SUBCA2"""
"1","""adr-SRVADR2-CA"""
"1","""vind-online.nl"""
"1","""HexBit AB HA CA"""
"1","""brigadacivicavoluntaraarad.cf"""
"1","""myduitpoket.com"""
"1","""FUJITSU LIMITED"""
"1","""wii-WIISVR-CA"""
"1","""cpay.tomica.ru"""
"1","""june"""
"1","""Mini Webservice Ltd"""
"1","""e65c473f-b27c-884b-ae1a-3db99c042f43"""
"1","""fpe-FPEDC1-CA"""
"1","""SPK Internal Root CA"""
"1","""PITVMAIL01"""
"1","""TCCA"""
"1","""lab3-1-DC11-CA"""
"1","""bagno.cl"""
"1","""BCTRS-SMARTPROJECT"""
"1","""Hochschule Heilbronn CA-G02"""
"1","""fortunatejewels.com"""
"1","""OTP Mobil Environment: alpha"""
"1","""Nextcloud"""
"1","""www.cadamier.com CA"""
"1","""127001.ro"""
"1","""buffalo-AD02-CA"""
"1","""ism-jp.com"""
"1","""Amazon.com InfoSec CA G3"""
"1","""SSMS TEST INSTALLATION"""
"1","""RUM-CA-G Zertifizierungsinstanz"""
"1","""boywhp"""
"1","""hourlybank.info"""
"1","""gogapuk.unicus-developer.co.uk"""
"1","""aoshats.us.ihost.com"""
"1","""vioil"""
"1","""TEST-IGC-CA-V2-SERVEUR-*"""
"1","""io.aristech.gr"""
"1","""baro-srv-mail.baro.local"""
"1","""*ta1eb.com"""
"1","""phonecleardent.dyndns.org"""
"1","""*.virreysolisips.loc"""
"1","""FH Muenster CA - G01"""
"1","""jefterruthes.jefterruthes.com"""
"1","""cloud.server.pro"""
"1","""DKITsubCA"""
"1","""www.kikocompany.com"""
"1","""deploy.by.yhsrv.com"""
"1","""defiderm.com"""
"1","""lallemandbds.com"""
"1","""Verizon Global Issuing CA"""
"1","""Hongkong Post e-Cert CA 1 - 14"""
"1","""NAS.home"""
"1","""CA Brahmarsk XVanara"""
"1","""SSL Servers Certificate Authority"""
