"","rules","support","confidence","lift","count"
"74","{rating=A,TLS12Enabled=1} => {SSL2Enabled=0}",0.390744455891124,1,1.02229674486925,28826
"294","{rating=A,SSL3Enabled=0,TLS12Enabled=1} => {SSL2Enabled=0}",0.390717345334273,1,1.02229674486925,28824
"72","{rating=A,TLS11Enabled=1} => {TLS12Enabled=1}",0.365097869110232,1,1.09131791890413,26934
"73","{rating=A,TLS11Enabled=1} => {SSL2Enabled=0}",0.365097869110232,1,1.02229674486925,26934
"291","{rating=A,TLS11Enabled=1,TLS12Enabled=1} => {SSL2Enabled=0}",0.365097869110232,1,1.02229674486925,26934
"292","{rating=A,SSL2Enabled=0,TLS11Enabled=1} => {TLS12Enabled=1}",0.365097869110232,1,1.09131791890413,26934
"289","{rating=A,SSL3Enabled=0,TLS11Enabled=1} => {TLS12Enabled=1}",0.365070758553381,1,1.09131791890413,26932
"290","{rating=A,SSL3Enabled=0,TLS11Enabled=1} => {SSL2Enabled=0}",0.365070758553381,1,1.02229674486925,26932
"553","{rating=A,SSL3Enabled=0,TLS11Enabled=1,TLS12Enabled=1} => {SSL2Enabled=0}",0.365070758553381,1,1.02229674486925,26932
"554","{rating=A,SSL2Enabled=0,SSL3Enabled=0,TLS11Enabled=1} => {TLS12Enabled=1}",0.365070758553381,1,1.09131791890413,26932
"293","{rating=A,TLS1Enabled=1,TLS12Enabled=1} => {SSL2Enabled=0}",0.344561622295722,1,1.02229674486925,25419
"555","{rating=A,SSL3Enabled=0,TLS1Enabled=1,TLS12Enabled=1} => {SSL2Enabled=0}",0.344534511738871,1,1.02229674486925,25417
"287","{rating=A,TLS1Enabled=1,TLS11Enabled=1} => {TLS12Enabled=1}",0.342162338014423,1,1.09131791890413,25242
"288","{rating=A,TLS1Enabled=1,TLS11Enabled=1} => {SSL2Enabled=0}",0.342162338014423,1,1.02229674486925,25242
"551","{rating=A,TLS1Enabled=1,TLS11Enabled=1,TLS12Enabled=1} => {SSL2Enabled=0}",0.342162338014423,1,1.02229674486925,25242
"552","{rating=A,SSL2Enabled=0,TLS1Enabled=1,TLS11Enabled=1} => {TLS12Enabled=1}",0.342162338014423,1,1.09131791890413,25242
"549","{rating=A,SSL3Enabled=0,TLS1Enabled=1,TLS11Enabled=1} => {TLS12Enabled=1}",0.342135227457572,1,1.09131791890413,25240
"550","{rating=A,SSL3Enabled=0,TLS1Enabled=1,TLS11Enabled=1} => {SSL2Enabled=0}",0.342135227457572,1,1.02229674486925,25240
"657","{rating=A,SSL3Enabled=0,TLS1Enabled=1,TLS11Enabled=1,TLS12Enabled=1} => {SSL2Enabled=0}",0.342135227457572,1,1.02229674486925,25240
"658","{rating=A,SSL2Enabled=0,SSL3Enabled=0,TLS1Enabled=1,TLS11Enabled=1} => {TLS12Enabled=1}",0.342135227457572,1,1.09131791890413,25240
"5","{rating=A+} => {SSL3Enabled=0}",0.143265737678252,1,1.10498329913275,10569
"6","{rating=A+} => {SSL2Enabled=0}",0.143265737678252,1,1.02229674486925,10569
"66","{rating=A+,SSL3Enabled=0} => {SSL2Enabled=0}",0.143265737678252,1,1.02229674486925,10569
"67","{rating=A+,SSL2Enabled=0} => {SSL3Enabled=0}",0.143265737678252,1,1.10498329913275,10569
"65","{rating=A+,TLS12Enabled=1} => {SSL3Enabled=0}",0.140636013663721,1,1.10498329913275,10375
"68","{rating=A+,TLS12Enabled=1} => {SSL2Enabled=0}",0.140636013663721,1,1.02229674486925,10375
"272","{rating=A+,SSL3Enabled=0,TLS12Enabled=1} => {SSL2Enabled=0}",0.140636013663721,1,1.02229674486925,10375
"273","{rating=A+,SSL2Enabled=0,TLS12Enabled=1} => {SSL3Enabled=0}",0.140636013663721,1,1.10498329913275,10375
"4","{rating=B} => {SSL2Enabled=0}",0.13658298541452,1,1.02229674486925,10076
"54","{rating=B,SSL3Enabled=0} => {SSL2Enabled=0}",0.134522583093857,1,1.02229674486925,9924
"55","{rating=B,TLS12Enabled=1} => {SSL2Enabled=0}",0.131770861573497,1,1.02229674486925,9721
"243","{rating=B,SSL3Enabled=0,TLS12Enabled=1} => {SSL2Enabled=0}",0.129710459252833,1,1.02229674486925,9569
"52","{rating=B,TLS11Enabled=1} => {SSL2Enabled=0}",0.122702380306891,1,1.02229674486925,9052
"240","{rating=B,TLS11Enabled=1,TLS12Enabled=1} => {SSL2Enabled=0}",0.122675269750041,1,1.02229674486925,9050
"239","{rating=B,SSL3Enabled=0,TLS11Enabled=1} => {SSL2Enabled=0}",0.120818196605758,1,1.02229674486925,8913
"501","{rating=B,SSL3Enabled=0,TLS11Enabled=1,TLS12Enabled=1} => {SSL2Enabled=0}",0.120791086048907,1,1.02229674486925,8911
"53","{rating=B,TLS1Enabled=1} => {SSL2Enabled=0}",0.117985143414846,1,1.02229674486925,8704
"242","{rating=B,TLS1Enabled=1,TLS12Enabled=1} => {SSL2Enabled=0}",0.11797158813642,1,1.02229674486925,8703
"238","{rating=B,TLS1Enabled=1,TLS11Enabled=1} => {SSL2Enabled=0}",0.115992517486309,1,1.02229674486925,8557
"500","{rating=B,TLS1Enabled=1,TLS11Enabled=1,TLS12Enabled=1} => {SSL2Enabled=0}",0.115978962207884,1,1.02229674486925,8556
"241","{rating=B,SSL3Enabled=0,TLS1Enabled=1} => {SSL2Enabled=0}",0.115951851651033,1,1.02229674486925,8554
"502","{rating=B,SSL3Enabled=0,TLS1Enabled=1,TLS12Enabled=1} => {SSL2Enabled=0}",0.115938296372607,1,1.02229674486925,8553
"60","{rating=A+,TLS11Enabled=1} => {SSL3Enabled=0}",0.11471832131432,1,1.10498329913275,8463
"61","{rating=A+,TLS11Enabled=1} => {TLS12Enabled=1}",0.11471832131432,1,1.09131791890413,8463
"62","{rating=A+,TLS11Enabled=1} => {SSL2Enabled=0}",0.11471832131432,1,1.02229674486925,8463
"262","{rating=A+,SSL3Enabled=0,TLS11Enabled=1} => {TLS12Enabled=1}",0.11471832131432,1,1.09131791890413,8463
"263","{rating=A+,TLS11Enabled=1,TLS12Enabled=1} => {SSL3Enabled=0}",0.11471832131432,1,1.10498329913275,8463
"264","{rating=A+,SSL3Enabled=0,TLS11Enabled=1} => {SSL2Enabled=0}",0.11471832131432,1,1.02229674486925,8463
"265","{rating=A+,SSL2Enabled=0,TLS11Enabled=1} => {SSL3Enabled=0}",0.11471832131432,1,1.10498329913275,8463
"266","{rating=A+,TLS11Enabled=1,TLS12Enabled=1} => {SSL2Enabled=0}",0.11471832131432,1,1.02229674486925,8463
"267","{rating=A+,SSL2Enabled=0,TLS11Enabled=1} => {TLS12Enabled=1}",0.11471832131432,1,1.09131791890413,8463
"527","{rating=A+,SSL3Enabled=0,TLS11Enabled=1,TLS12Enabled=1} => {SSL2Enabled=0}",0.11471832131432,1,1.02229674486925,8463
"528","{rating=A+,SSL2Enabled=0,SSL3Enabled=0,TLS11Enabled=1} => {TLS12Enabled=1}",0.11471832131432,1,1.09131791890413,8463
"529","{rating=A+,SSL2Enabled=0,TLS11Enabled=1,TLS12Enabled=1} => {SSL3Enabled=0}",0.11471832131432,1,1.10498329913275,8463
"499","{rating=B,SSL3Enabled=0,TLS1Enabled=1,TLS11Enabled=1} => {SSL2Enabled=0}",0.114108333785176,1,1.02229674486925,8418
"639","{rating=B,SSL3Enabled=0,TLS1Enabled=1,TLS11Enabled=1,TLS12Enabled=1} => {SSL2Enabled=0}",0.114094778506751,1,1.02229674486925,8417
"63","{rating=A+,TLS1Enabled=1} => {SSL3Enabled=0}",0.107601800140975,1,1.10498329913275,7938
"64","{rating=A+,TLS1Enabled=1} => {SSL2Enabled=0}",0.107601800140975,1,1.02229674486925,7938
"269","{rating=A+,SSL3Enabled=0,TLS1Enabled=1} => {SSL2Enabled=0}",0.107601800140975,1,1.02229674486925,7938
"270","{rating=A+,SSL2Enabled=0,TLS1Enabled=1} => {SSL3Enabled=0}",0.107601800140975,1,1.10498329913275,7938
"268","{rating=A+,TLS1Enabled=1,TLS12Enabled=1} => {SSL3Enabled=0}",0.107588244862549,1,1.10498329913275,7937
"271","{rating=A+,TLS1Enabled=1,TLS12Enabled=1} => {SSL2Enabled=0}",0.107588244862549,1,1.02229674486925,7937
"530","{rating=A+,SSL3Enabled=0,TLS1Enabled=1,TLS12Enabled=1} => {SSL2Enabled=0}",0.107588244862549,1,1.02229674486925,7937
"531","{rating=A+,SSL2Enabled=0,TLS1Enabled=1,TLS12Enabled=1} => {SSL3Enabled=0}",0.107588244862549,1,1.10498329913275,7937
"259","{rating=A+,TLS1Enabled=1,TLS11Enabled=1} => {SSL3Enabled=0}",0.106829149270726,1,1.10498329913275,7881
"260","{rating=A+,TLS1Enabled=1,TLS11Enabled=1} => {TLS12Enabled=1}",0.106829149270726,1,1.09131791890413,7881
"261","{rating=A+,TLS1Enabled=1,TLS11Enabled=1} => {SSL2Enabled=0}",0.106829149270726,1,1.02229674486925,7881
"521","{rating=A+,SSL3Enabled=0,TLS1Enabled=1,TLS11Enabled=1} => {TLS12Enabled=1}",0.106829149270726,1,1.09131791890413,7881
"522","{rating=A+,TLS1Enabled=1,TLS11Enabled=1,TLS12Enabled=1} => {SSL3Enabled=0}",0.106829149270726,1,1.10498329913275,7881
"523","{rating=A+,SSL3Enabled=0,TLS1Enabled=1,TLS11Enabled=1} => {SSL2Enabled=0}",0.106829149270726,1,1.02229674486925,7881
"524","{rating=A+,SSL2Enabled=0,TLS1Enabled=1,TLS11Enabled=1} => {SSL3Enabled=0}",0.106829149270726,1,1.10498329913275,7881
"525","{rating=A+,TLS1Enabled=1,TLS11Enabled=1,TLS12Enabled=1} => {SSL2Enabled=0}",0.106829149270726,1,1.02229674486925,7881
"526","{rating=A+,SSL2Enabled=0,TLS1Enabled=1,TLS11Enabled=1} => {TLS12Enabled=1}",0.106829149270726,1,1.09131791890413,7881
"647","{rating=A+,SSL3Enabled=0,TLS1Enabled=1,TLS11Enabled=1,TLS12Enabled=1} => {SSL2Enabled=0}",0.106829149270726,1,1.02229674486925,7881
"648","{rating=A+,SSL2Enabled=0,SSL3Enabled=0,TLS1Enabled=1,TLS11Enabled=1} => {TLS12Enabled=1}",0.106829149270726,1,1.09131791890413,7881
"649","{rating=A+,SSL2Enabled=0,TLS1Enabled=1,TLS11Enabled=1,TLS12Enabled=1} => {SSL3Enabled=0}",0.106829149270726,1,1.10498329913275,7881
"3","{rating=A-} => {SSL2Enabled=0}",0.0982351027490105,1,1.02229674486925,7247
"48","{rating=A-,SSL3Enabled=0} => {SSL2Enabled=0}",0.098221547470585,1,1.02229674486925,7246
"49","{rating=A-,TLS12Enabled=1} => {SSL2Enabled=0}",0.096472916553706,1,1.02229674486925,7117
"228","{rating=A-,SSL3Enabled=0,TLS12Enabled=1} => {SSL2Enabled=0}",0.0964593612752806,1,1.02229674486925,7116
"2","{rating=C} => {SSL2Enabled=0}",0.0837038442769615,1,1.02229674486925,6175
"44","{rating=A-,TLS11Enabled=1} => {TLS12Enabled=1}",0.0829040828498617,1,1.09131791890413,6116
"45","{rating=A-,TLS11Enabled=1} => {SSL2Enabled=0}",0.0829040828498617,1,1.02229674486925,6116
"222","{rating=A-,TLS11Enabled=1,TLS12Enabled=1} => {SSL2Enabled=0}",0.0829040828498617,1,1.02229674486925,6116
"223","{rating=A-,SSL2Enabled=0,TLS11Enabled=1} => {TLS12Enabled=1}",0.0829040828498617,1,1.09131791890413,6116
"220","{rating=A-,SSL3Enabled=0,TLS11Enabled=1} => {TLS12Enabled=1}",0.0828905275714363,1,1.09131791890413,6115
"221","{rating=A-,SSL3Enabled=0,TLS11Enabled=1} => {SSL2Enabled=0}",0.0828905275714363,1,1.02229674486925,6115
"483","{rating=A-,SSL3Enabled=0,TLS11Enabled=1,TLS12Enabled=1} => {SSL2Enabled=0}",0.0828905275714363,1,1.02229674486925,6115
"484","{rating=A-,SSL2Enabled=0,SSL3Enabled=0,TLS11Enabled=1} => {TLS12Enabled=1}",0.0828905275714363,1,1.09131791890413,6115
"35","{rating=C,TLS1Enabled=1} => {SSL2Enabled=0}",0.078674835981131,1,1.02229674486925,5804
"46","{rating=A-,TLS1Enabled=1} => {TLS12Enabled=1}",0.0774413056444179,1,1.09131791890413,5713
"47","{rating=A-,TLS1Enabled=1} => {SSL2Enabled=0}",0.0774413056444179,1,1.02229674486925,5713
"226","{rating=A-,TLS1Enabled=1,TLS12Enabled=1} => {SSL2Enabled=0}",0.0774413056444179,1,1.02229674486925,5713
"227","{rating=A-,SSL2Enabled=0,TLS1Enabled=1} => {TLS12Enabled=1}",0.0774413056444179,1,1.09131791890413,5713
"224","{rating=A-,SSL3Enabled=0,TLS1Enabled=1} => {TLS12Enabled=1}",0.0774277503659925,1,1.09131791890413,5712
"225","{rating=A-,SSL3Enabled=0,TLS1Enabled=1} => {SSL2Enabled=0}",0.0774277503659925,1,1.02229674486925,5712
"485","{rating=A-,SSL3Enabled=0,TLS1Enabled=1,TLS12Enabled=1} => {SSL2Enabled=0}",0.0774277503659925,1,1.02229674486925,5712
"486","{rating=A-,SSL2Enabled=0,SSL3Enabled=0,TLS1Enabled=1} => {TLS12Enabled=1}",0.0774277503659925,1,1.09131791890413,5712
"218","{rating=A-,TLS1Enabled=1,TLS11Enabled=1} => {TLS12Enabled=1}",0.0752317952610747,1,1.09131791890413,5550
"219","{rating=A-,TLS1Enabled=1,TLS11Enabled=1} => {SSL2Enabled=0}",0.0752317952610747,1,1.02229674486925,5550
"481","{rating=A-,TLS1Enabled=1,TLS11Enabled=1,TLS12Enabled=1} => {SSL2Enabled=0}",0.0752317952610747,1,1.02229674486925,5550
"482","{rating=A-,SSL2Enabled=0,TLS1Enabled=1,TLS11Enabled=1} => {TLS12Enabled=1}",0.0752317952610747,1,1.09131791890413,5550
"479","{rating=A-,SSL3Enabled=0,TLS1Enabled=1,TLS11Enabled=1} => {TLS12Enabled=1}",0.0752182399826492,1,1.09131791890413,5549
"480","{rating=A-,SSL3Enabled=0,TLS1Enabled=1,TLS11Enabled=1} => {SSL2Enabled=0}",0.0752182399826492,1,1.02229674486925,5549
"632","{rating=A-,SSL3Enabled=0,TLS1Enabled=1,TLS11Enabled=1,TLS12Enabled=1} => {SSL2Enabled=0}",0.0752182399826492,1,1.02229674486925,5549
"633","{rating=A-,SSL2Enabled=0,SSL3Enabled=0,TLS1Enabled=1,TLS11Enabled=1} => {TLS12Enabled=1}",0.0752182399826492,1,1.09131791890413,5549
"37","{rating=C,TLS12Enabled=1} => {SSL2Enabled=0}",0.0564306240850187,1,1.02229674486925,4163
"34","{rating=C,TLS11Enabled=1} => {SSL2Enabled=0}",0.0547497695602668,1,1.02229674486925,4039
"188","{rating=C,TLS11Enabled=1,TLS12Enabled=1} => {SSL2Enabled=0}",0.053624681450957,1,1.02229674486925,3956
"190","{rating=C,TLS1Enabled=1,TLS12Enabled=1} => {SSL2Enabled=0}",0.0535297945019791,1,1.02229674486925,3949
"186","{rating=C,TLS1Enabled=1,TLS11Enabled=1} => {SSL2Enabled=0}",0.0530553597570894,1,1.02229674486925,3914
"443","{rating=C,TLS1Enabled=1,TLS11Enabled=1,TLS12Enabled=1} => {SSL2Enabled=0}",0.0520793797104593,1,1.02229674486925,3842
"69","{rating=A,TLS1Enabled=0} => {SSL3Enabled=0}",0.0520116033183322,1,1.10498329913275,3837
"70","{rating=A,TLS1Enabled=0} => {SSL2Enabled=0}",0.0520116033183322,1,1.02229674486925,3837
"280","{rating=A,SSL3Enabled=0,TLS1Enabled=0} => {SSL2Enabled=0}",0.0520116033183322,1,1.02229674486925,3837
"281","{rating=A,SSL2Enabled=0,TLS1Enabled=0} => {SSL3Enabled=0}",0.0520116033183322,1,1.10498329913275,3837
"1","{rating=T} => {SSL2Enabled=0}",0.0509407363227241,1,1.02229674486925,3758
"279","{rating=A,TLS1Enabled=0,TLS12Enabled=1} => {SSL3Enabled=0}",0.046182833595402,1,1.10498329913275,3407
"282","{rating=A,TLS1Enabled=0,TLS12Enabled=1} => {SSL2Enabled=0}",0.046182833595402,1,1.02229674486925,3407
"542","{rating=A,SSL3Enabled=0,TLS1Enabled=0,TLS12Enabled=1} => {SSL2Enabled=0}",0.046182833595402,1,1.02229674486925,3407
"543","{rating=A,SSL2Enabled=0,TLS1Enabled=0,TLS12Enabled=1} => {SSL3Enabled=0}",0.046182833595402,1,1.10498329913275,3407
"18","{rating=T,TLS12Enabled=1} => {SSL2Enabled=0}",0.0460879466464241,1,1.02229674486925,3400
"31","{rating=C,SSL3Enabled=1} => {SSL2Enabled=0}",0.0448273057528602,1,1.02229674486925,3307
"17","{rating=T,SSL3Enabled=0} => {SSL2Enabled=0}",0.0448137504744347,1,1.02229674486925,3306
"16","{rating=T,TLS1Enabled=1} => {SSL2Enabled=0}",0.0445019790706501,1,1.02229674486925,3283
"177","{rating=C,SSL3Enabled=1,TLS1Enabled=1} => {SSL2Enabled=0}",0.0444477579569484,1,1.02229674486925,3279
"15","{rating=T,TLS11Enabled=1} => {SSL2Enabled=0}",0.0428075692674728,1,1.02229674486925,3158
"119","{rating=T,TLS11Enabled=1,TLS12Enabled=1} => {SSL2Enabled=0}",0.042590684812666,1,1.02229674486925,3142
"122","{rating=T,SSL3Enabled=0,TLS12Enabled=1} => {SSL2Enabled=0}",0.0411673805779971,1,1.02229674486925,3037
"121","{rating=T,TLS1Enabled=1,TLS12Enabled=1} => {SSL2Enabled=0}",0.04109960418587,1,1.02229674486925,3032
"117","{rating=T,TLS1Enabled=1,TLS11Enabled=1} => {SSL2Enabled=0}",0.0407336116683837,1,1.02229674486925,3005
"354","{rating=T,TLS1Enabled=1,TLS11Enabled=1,TLS12Enabled=1} => {SSL2Enabled=0}",0.040516727213577,1,1.02229674486925,2989
"36","{rating=C,SSL3Enabled=0} => {SSL2Enabled=0}",0.0388765385241013,1,1.02229674486925,2868
"178","{rating=C,SSL3Enabled=1,TLS12Enabled=1} => {SSL2Enabled=0}",0.0385783223987421,1,1.02229674486925,2846
"120","{rating=T,SSL3Enabled=0,TLS1Enabled=1} => {SSL2Enabled=0}",0.038415659057637,1,1.02229674486925,2834
"433","{rating=C,SSL3Enabled=1,TLS1Enabled=1,TLS12Enabled=1} => {SSL2Enabled=0}",0.0381987746028303,1,1.02229674486925,2818
"118","{rating=T,SSL3Enabled=0,TLS11Enabled=1} => {SSL2Enabled=0}",0.0379954454264491,1,1.02229674486925,2803
"176","{rating=C,SSL3Enabled=1,TLS11Enabled=1} => {SSL2Enabled=0}",0.0379547795911728,1,1.02229674486925,2800
"355","{rating=T,SSL3Enabled=0,TLS11Enabled=1,TLS12Enabled=1} => {SSL2Enabled=0}",0.0378463373637695,1,1.02229674486925,2792
"431","{rating=C,SSL3Enabled=1,TLS1Enabled=1,TLS11Enabled=1} => {SSL2Enabled=0}",0.0377650056932169,1,1.02229674486925,2786
"432","{rating=C,SSL3Enabled=1,TLS11Enabled=1,TLS12Enabled=1} => {SSL2Enabled=0}",0.0377107845795153,1,1.02229674486925,2782
"614","{rating=C,SSL3Enabled=1,TLS1Enabled=1,TLS11Enabled=1,TLS12Enabled=1} => {SSL2Enabled=0}",0.0375210106815594,1,1.02229674486925,2768
"356","{rating=T,SSL3Enabled=0,TLS1Enabled=1,TLS12Enabled=1} => {SSL2Enabled=0}",0.0362197039527192,1,1.02229674486925,2672
"353","{rating=T,SSL3Enabled=0,TLS1Enabled=1,TLS11Enabled=1} => {SSL2Enabled=0}",0.0359350431057854,1,1.02229674486925,2651
"580","{rating=T,SSL3Enabled=0,TLS1Enabled=1,TLS11Enabled=1,TLS12Enabled=1} => {SSL2Enabled=0}",0.0357859350431058,1,1.02229674486925,2640
"56","{rating=A+,TLS1Enabled=0} => {SSL3Enabled=0}",0.035663937537277,1,1.10498329913275,2631
"57","{rating=A+,TLS1Enabled=0} => {SSL2Enabled=0}",0.035663937537277,1,1.02229674486925,2631
"250","{rating=A+,SSL3Enabled=0,TLS1Enabled=0} => {SSL2Enabled=0}",0.035663937537277,1,1.02229674486925,2631
"251","{rating=A+,SSL2Enabled=0,TLS1Enabled=0} => {SSL3Enabled=0}",0.035663937537277,1,1.10498329913275,2631
"189","{rating=C,SSL3Enabled=0,TLS1Enabled=1} => {SSL2Enabled=0}",0.0342270780241826,1,1.02229674486925,2525
"249","{rating=A+,TLS1Enabled=0,TLS12Enabled=1} => {SSL3Enabled=0}",0.0330477688011712,1,1.10498329913275,2438
"252","{rating=A+,TLS1Enabled=0,TLS12Enabled=1} => {SSL2Enabled=0}",0.0330477688011712,1,1.02229674486925,2438
"513","{rating=A+,SSL3Enabled=0,TLS1Enabled=0,TLS12Enabled=1} => {SSL2Enabled=0}",0.0330477688011712,1,1.02229674486925,2438
"514","{rating=A+,SSL2Enabled=0,TLS1Enabled=0,TLS12Enabled=1} => {SSL3Enabled=0}",0.0330477688011712,1,1.10498329913275,2438
"71","{rating=A,TLS11Enabled=0} => {SSL3Enabled=0}",0.0315160223390988,1,1.10498329913275,2325
"285","{rating=A,SSL2Enabled=0,TLS11Enabled=0} => {SSL3Enabled=0}",0.0315024670606734,1,1.10498329913275,2324
"274","{rating=A,TLS1Enabled=0,TLS11Enabled=0} => {SSL3Enabled=0}",0.0290760722225234,1,1.10498329913275,2145
"275","{rating=A,TLS1Enabled=0,TLS11Enabled=0} => {SSL2Enabled=0}",0.0290760722225234,1,1.02229674486925,2145
"533","{rating=A,SSL3Enabled=0,TLS1Enabled=0,TLS11Enabled=0} => {SSL2Enabled=0}",0.0290760722225234,1,1.02229674486925,2145
"534","{rating=A,SSL2Enabled=0,TLS1Enabled=0,TLS11Enabled=0} => {SSL3Enabled=0}",0.0290760722225234,1,1.10498329913275,2145
"33","{rating=C,TLS11Enabled=0} => {SSL2Enabled=0}",0.0289540747166947,1,1.02229674486925,2136
"58","{rating=A+,TLS11Enabled=0} => {SSL3Enabled=0}",0.0285474163639321,1,1.10498329913275,2106
"59","{rating=A+,TLS11Enabled=0} => {SSL2Enabled=0}",0.0285474163639321,1,1.02229674486925,2106
"256","{rating=A+,SSL3Enabled=0,TLS11Enabled=0} => {SSL2Enabled=0}",0.0285474163639321,1,1.02229674486925,2106
"257","{rating=A+,SSL2Enabled=0,TLS11Enabled=0} => {SSL3Enabled=0}",0.0285474163639321,1,1.10498329913275,2106
"244","{rating=A+,TLS1Enabled=0,TLS11Enabled=0} => {SSL3Enabled=0}",0.0277747654936832,1,1.10498329913275,2049
"245","{rating=A+,TLS1Enabled=0,TLS11Enabled=0} => {SSL2Enabled=0}",0.0277747654936832,1,1.02229674486925,2049
"504","{rating=A+,SSL3Enabled=0,TLS1Enabled=0,TLS11Enabled=0} => {SSL2Enabled=0}",0.0277747654936832,1,1.02229674486925,2049
"505","{rating=A+,SSL2Enabled=0,TLS1Enabled=0,TLS11Enabled=0} => {SSL3Enabled=0}",0.0277747654936832,1,1.10498329913275,2049
"19","{rating=C,TLS12Enabled=0} => {SSL2Enabled=0}",0.0272732201919427,1,1.02229674486925,2012
"127","{rating=C,TLS11Enabled=0,TLS12Enabled=0} => {SSL2Enabled=0}",0.026148132082633,1,1.02229674486925,1929
"255","{rating=A+,TLS11Enabled=0,TLS12Enabled=1} => {SSL3Enabled=0}",0.0259176923494009,1,1.10498329913275,1912
"258","{rating=A+,TLS11Enabled=0,TLS12Enabled=1} => {SSL2Enabled=0}",0.0259176923494009,1,1.02229674486925,1912
"519","{rating=A+,SSL3Enabled=0,TLS11Enabled=0,TLS12Enabled=1} => {SSL2Enabled=0}",0.0259176923494009,1,1.02229674486925,1912
"520","{rating=A+,SSL2Enabled=0,TLS11Enabled=0,TLS12Enabled=1} => {SSL3Enabled=0}",0.0259176923494009,1,1.10498329913275,1912
"284","{rating=A,TLS11Enabled=0,TLS12Enabled=1} => {SSL3Enabled=0}",0.0256465867808925,1,1.10498329913275,1892
"286","{rating=A,TLS11Enabled=0,TLS12Enabled=1} => {SSL2Enabled=0}",0.0256465867808925,1,1.02229674486925,1892
"547","{rating=A,SSL3Enabled=0,TLS11Enabled=0,TLS12Enabled=1} => {SSL2Enabled=0}",0.0256465867808925,1,1.02229674486925,1892
"548","{rating=A,SSL2Enabled=0,TLS11Enabled=0,TLS12Enabled=1} => {SSL3Enabled=0}",0.0256465867808925,1,1.10498329913275,1892
"183","{rating=C,TLS1Enabled=1,TLS11Enabled=0} => {SSL2Enabled=0}",0.0256194762240416,1,1.02229674486925,1890
"503","{rating=A+,TLS1Enabled=0,TLS11Enabled=0,TLS12Enabled=1} => {SSL3Enabled=0}",0.0251585967575774,1,1.10498329913275,1856
"506","{rating=A+,TLS1Enabled=0,TLS11Enabled=0,TLS12Enabled=1} => {SSL2Enabled=0}",0.0251585967575774,1,1.02229674486925,1856
"640","{rating=A+,SSL3Enabled=0,TLS1Enabled=0,TLS11Enabled=0,TLS12Enabled=1} => {SSL2Enabled=0}",0.0251585967575774,1,1.02229674486925,1856
"641","{rating=A+,SSL2Enabled=0,TLS1Enabled=0,TLS11Enabled=0,TLS12Enabled=1} => {SSL3Enabled=0}",0.0251585967575774,1,1.10498329913275,1856
"129","{rating=C,TLS1Enabled=1,TLS12Enabled=0} => {SSL2Enabled=0}",0.025145041479152,1,1.02229674486925,1855
"369","{rating=C,TLS1Enabled=1,TLS11Enabled=0,TLS12Enabled=0} => {SSL2Enabled=0}",0.0241690614325218,1,1.02229674486925,1783
"532","{rating=A,TLS1Enabled=0,TLS11Enabled=0,TLS12Enabled=1} => {SSL3Enabled=0}",0.0232473024995933,1,1.10498329913275,1715
"535","{rating=A,TLS1Enabled=0,TLS11Enabled=0,TLS12Enabled=1} => {SSL2Enabled=0}",0.0232473024995933,1,1.02229674486925,1715
"650","{rating=A,SSL3Enabled=0,TLS1Enabled=0,TLS11Enabled=0,TLS12Enabled=1} => {SSL2Enabled=0}",0.0232473024995933,1,1.02229674486925,1715
"651","{rating=A,SSL2Enabled=0,TLS1Enabled=0,TLS11Enabled=0,TLS12Enabled=1} => {SSL3Enabled=0}",0.0232473024995933,1,1.10498329913275,1715
"276","{rating=A,TLS1Enabled=0,TLS11Enabled=1} => {SSL3Enabled=0}",0.0229355310958087,1,1.10498329913275,1692
"277","{rating=A,TLS1Enabled=0,TLS11Enabled=1} => {TLS12Enabled=1}",0.0229355310958087,1,1.09131791890413,1692
"278","{rating=A,TLS1Enabled=0,TLS11Enabled=1} => {SSL2Enabled=0}",0.0229355310958087,1,1.02229674486925,1692
"536","{rating=A,SSL3Enabled=0,TLS1Enabled=0,TLS11Enabled=1} => {TLS12Enabled=1}",0.0229355310958087,1,1.09131791890413,1692
"537","{rating=A,TLS1Enabled=0,TLS11Enabled=1,TLS12Enabled=1} => {SSL3Enabled=0}",0.0229355310958087,1,1.10498329913275,1692
"538","{rating=A,SSL3Enabled=0,TLS1Enabled=0,TLS11Enabled=1} => {SSL2Enabled=0}",0.0229355310958087,1,1.02229674486925,1692
"539","{rating=A,SSL2Enabled=0,TLS1Enabled=0,TLS11Enabled=1} => {SSL3Enabled=0}",0.0229355310958087,1,1.10498329913275,1692
"540","{rating=A,TLS1Enabled=0,TLS11Enabled=1,TLS12Enabled=1} => {SSL2Enabled=0}",0.0229355310958087,1,1.02229674486925,1692
"541","{rating=A,SSL2Enabled=0,TLS1Enabled=0,TLS11Enabled=1} => {TLS12Enabled=1}",0.0229355310958087,1,1.09131791890413,1692
"652","{rating=A,SSL3Enabled=0,TLS1Enabled=0,TLS11Enabled=1,TLS12Enabled=1} => {SSL2Enabled=0}",0.0229355310958087,1,1.02229674486925,1692
"653","{rating=A,SSL2Enabled=0,SSL3Enabled=0,TLS1Enabled=0,TLS11Enabled=1} => {TLS12Enabled=1}",0.0229355310958087,1,1.09131791890413,1692
"654","{rating=A,SSL2Enabled=0,TLS1Enabled=0,TLS11Enabled=1,TLS12Enabled=1} => {SSL3Enabled=0}",0.0229355310958087,1,1.10498329913275,1692
"184","{rating=C,SSL3Enabled=0,TLS11Enabled=0} => {SSL2Enabled=0}",0.0220815485550073,1,1.02229674486925,1629
"167","{SSL3Enabled=0,TLS1Enabled=0,TLS12Enabled=0} => {SSL2Enabled=0}",0.0216071138101177,1,1.02229674486925,1594
"415","{SSL3Enabled=0,TLS1Enabled=0,TLS11Enabled=0,TLS12Enabled=0} => {SSL2Enabled=0}",0.0214308951905872,1,1.02229674486925,1581
"7","{SSL2Enabled=1,SSL3Enabled=1} => {rating=F}",0.0210377921162501,1,11.0305023923445,1552
"130","{rating=C,SSL3Enabled=0,TLS12Enabled=0} => {SSL2Enabled=0}",0.0210242368378246,1,1.02229674486925,1551
"84","{SSL2Enabled=1,SSL3Enabled=1,TLS1Enabled=1} => {rating=F}",0.0209293498888467,1,11.0305023923445,1544
"40","{rating=A-,TLS1Enabled=0} => {SSL3Enabled=0}",0.0207937971045925,1,1.10498329913275,1534
"41","{rating=A-,TLS1Enabled=0} => {SSL2Enabled=0}",0.0207937971045925,1,1.02229674486925,1534
"208","{rating=A-,SSL3Enabled=0,TLS1Enabled=0} => {SSL2Enabled=0}",0.0207937971045925,1,1.02229674486925,1534
"209","{rating=A-,SSL2Enabled=0,TLS1Enabled=0} => {SSL3Enabled=0}",0.0207937971045925,1,1.10498329913275,1534
"370","{rating=C,SSL3Enabled=0,TLS11Enabled=0,TLS12Enabled=0} => {SSL2Enabled=0}",0.0201431437401724,1,1.02229674486925,1486
"82","{SSL2Enabled=1,SSL3Enabled=1,TLS11Enabled=0} => {rating=F}",0.0190722767445643,1,11.0305023923445,1407
"207","{rating=A-,TLS1Enabled=0,TLS12Enabled=1} => {SSL3Enabled=0}",0.0190316109092881,1,1.10498329913275,1404
"210","{rating=A-,TLS1Enabled=0,TLS12Enabled=1} => {SSL2Enabled=0}",0.0190316109092881,1,1.02229674486925,1404
"469","{rating=A-,SSL3Enabled=0,TLS1Enabled=0,TLS12Enabled=1} => {SSL2Enabled=0}",0.0190316109092881,1,1.02229674486925,1404
"470","{rating=A-,SSL2Enabled=0,TLS1Enabled=0,TLS12Enabled=1} => {SSL3Enabled=0}",0.0190316109092881,1,1.10498329913275,1404
"307","{SSL2Enabled=1,SSL3Enabled=1,TLS1Enabled=1,TLS11Enabled=0} => {rating=F}",0.0189773897955864,1,11.0305023923445,1400
"439","{rating=C,SSL3Enabled=0,TLS1Enabled=1,TLS11Enabled=0} => {SSL2Enabled=0}",0.0189367239603101,1,1.02229674486925,1397
"373","{rating=C,SSL3Enabled=0,TLS1Enabled=1,TLS12Enabled=0} => {SSL2Enabled=0}",0.0188960581250339,1,1.02229674486925,1394
"75","{SSL2Enabled=1,SSL3Enabled=1,TLS12Enabled=0} => {rating=F}",0.0186520631133763,1,11.0305023923445,1376
"298","{SSL2Enabled=1,SSL3Enabled=1,TLS1Enabled=1,TLS12Enabled=0} => {rating=F}",0.0186249525565255,1,11.0305023923445,1374
"50","{rating=B,TLS1Enabled=0} => {SSL2Enabled=0}",0.0185978419996747,1,1.02229674486925,1372
"232","{rating=B,SSL3Enabled=0,TLS1Enabled=0} => {SSL2Enabled=0}",0.0185707314428238,1,1.02229674486925,1370
"295","{SSL2Enabled=1,SSL3Enabled=1,TLS11Enabled=0,TLS12Enabled=0} => {rating=F}",0.0185165103291222,1,11.0305023923445,1366
"556","{SSL2Enabled=1,SSL3Enabled=1,TLS1Enabled=1,TLS11Enabled=0,TLS12Enabled=0} => {rating=F}",0.0184893997722713,1,11.0305023923445,1364
"589","{rating=C,SSL3Enabled=0,TLS1Enabled=1,TLS11Enabled=0,TLS12Enabled=0} => {SSL2Enabled=0}",0.0181640730900613,1,1.02229674486925,1340
"191","{rating=C,SSL3Enabled=0,TLS12Enabled=1} => {SSL2Enabled=0}",0.0178523016862766,1,1.02229674486925,1317
"187","{rating=C,SSL3Enabled=0,TLS11Enabled=1} => {SSL2Enabled=0}",0.016794989969094,1,1.02229674486925,1239
"444","{rating=C,SSL3Enabled=0,TLS11Enabled=1,TLS12Enabled=1} => {SSL2Enabled=0}",0.0159138968714417,1,1.02229674486925,1174
"42","{rating=A-,TLS11Enabled=0} => {SSL3Enabled=0}",0.0153310198991487,1,1.10498329913275,1131
"43","{rating=A-,TLS11Enabled=0} => {SSL2Enabled=0}",0.0153310198991487,1,1.02229674486925,1131
"215","{rating=A-,SSL3Enabled=0,TLS11Enabled=0} => {SSL2Enabled=0}",0.0153310198991487,1,1.02229674486925,1131
"216","{rating=A-,SSL2Enabled=0,TLS11Enabled=0} => {SSL3Enabled=0}",0.0153310198991487,1,1.10498329913275,1131
"445","{rating=C,SSL3Enabled=0,TLS1Enabled=1,TLS12Enabled=1} => {SSL2Enabled=0}",0.0153310198991487,1,1.02229674486925,1131
"442","{rating=C,SSL3Enabled=0,TLS1Enabled=1,TLS11Enabled=1} => {SSL2Enabled=0}",0.0152903540638725,1,1.02229674486925,1128
"618","{rating=C,SSL3Enabled=0,TLS1Enabled=1,TLS11Enabled=1,TLS12Enabled=1} => {SSL2Enabled=0}",0.0145583690288999,1,1.02229674486925,1074
"51","{rating=B,TLS11Enabled=0} => {SSL2Enabled=0}",0.0138806051076289,1,1.02229674486925,1024
"233","{rating=B,TLS1Enabled=0,TLS12Enabled=1} => {SSL2Enabled=0}",0.0137992734370764,1,1.02229674486925,1018
"493","{rating=B,SSL3Enabled=0,TLS1Enabled=0,TLS12Enabled=1} => {SSL2Enabled=0}",0.0137721628802256,1,1.02229674486925,1016
"236","{rating=B,SSL3Enabled=0,TLS11Enabled=0} => {SSL2Enabled=0}",0.0137043864880985,1,1.02229674486925,1011
"214","{rating=A-,TLS11Enabled=0,TLS12Enabled=1} => {SSL3Enabled=0}",0.0135688337038443,1,1.10498329913275,1001
"217","{rating=A-,TLS11Enabled=0,TLS12Enabled=1} => {SSL2Enabled=0}",0.0135688337038443,1,1.02229674486925,1001
"477","{rating=A-,SSL3Enabled=0,TLS11Enabled=0,TLS12Enabled=1} => {SSL2Enabled=0}",0.0135688337038443,1,1.02229674486925,1001
"478","{rating=A-,SSL2Enabled=0,TLS11Enabled=0,TLS12Enabled=1} => {SSL3Enabled=0}",0.0135688337038443,1,1.10498329913275,1001
"202","{rating=A-,TLS1Enabled=0,TLS11Enabled=0} => {SSL3Enabled=0}",0.0131215095158055,1,1.10498329913275,968
"203","{rating=A-,TLS1Enabled=0,TLS11Enabled=0} => {SSL2Enabled=0}",0.0131215095158055,1,1.02229674486925,968
"460","{rating=A-,SSL3Enabled=0,TLS1Enabled=0,TLS11Enabled=0} => {SSL2Enabled=0}",0.0131215095158055,1,1.02229674486925,968
"461","{rating=A-,SSL2Enabled=0,TLS1Enabled=0,TLS11Enabled=0} => {SSL3Enabled=0}",0.0131215095158055,1,1.10498329913275,968
"229","{rating=B,TLS1Enabled=0,TLS11Enabled=0} => {SSL2Enabled=0}",0.0118879791790923,1,1.02229674486925,877
"487","{rating=B,SSL3Enabled=0,TLS1Enabled=0,TLS11Enabled=0} => {SSL2Enabled=0}",0.0118608686222415,1,1.02229674486925,875
"459","{rating=A-,TLS1Enabled=0,TLS11Enabled=0,TLS12Enabled=1} => {SSL3Enabled=0}",0.011359323320501,1,1.10498329913275,838
"462","{rating=A-,TLS1Enabled=0,TLS11Enabled=0,TLS12Enabled=1} => {SSL2Enabled=0}",0.011359323320501,1,1.02229674486925,838
"624","{rating=A-,SSL3Enabled=0,TLS1Enabled=0,TLS11Enabled=0,TLS12Enabled=1} => {SSL2Enabled=0}",0.011359323320501,1,1.02229674486925,838
"625","{rating=A-,SSL2Enabled=0,TLS1Enabled=0,TLS11Enabled=0,TLS12Enabled=1} => {SSL3Enabled=0}",0.011359323320501,1,1.10498329913275,838
"237","{rating=B,TLS11Enabled=0,TLS12Enabled=1} => {SSL2Enabled=0}",0.00909559182345605,1,1.02229674486925,671
"498","{rating=B,SSL3Enabled=0,TLS11Enabled=0,TLS12Enabled=1} => {SSL2Enabled=0}",0.00891937320392561,1,1.02229674486925,658
"14","{rating=T,TLS11Enabled=0} => {SSL2Enabled=0}",0.00813316705525131,1,1.02229674486925,600
"246","{rating=A+,TLS1Enabled=0,TLS11Enabled=1} => {SSL3Enabled=0}",0.00788917204359378,1,1.10498329913275,582
"247","{rating=A+,TLS1Enabled=0,TLS11Enabled=1} => {TLS12Enabled=1}",0.00788917204359378,1,1.09131791890413,582
"248","{rating=A+,TLS1Enabled=0,TLS11Enabled=1} => {SSL2Enabled=0}",0.00788917204359378,1,1.02229674486925,582
"507","{rating=A+,SSL3Enabled=0,TLS1Enabled=0,TLS11Enabled=1} => {TLS12Enabled=1}",0.00788917204359378,1,1.09131791890413,582
"508","{rating=A+,TLS1Enabled=0,TLS11Enabled=1,TLS12Enabled=1} => {SSL3Enabled=0}",0.00788917204359378,1,1.10498329913275,582
"509","{rating=A+,SSL3Enabled=0,TLS1Enabled=0,TLS11Enabled=1} => {SSL2Enabled=0}",0.00788917204359378,1,1.02229674486925,582
"510","{rating=A+,SSL2Enabled=0,TLS1Enabled=0,TLS11Enabled=1} => {SSL3Enabled=0}",0.00788917204359378,1,1.10498329913275,582
"511","{rating=A+,TLS1Enabled=0,TLS11Enabled=1,TLS12Enabled=1} => {SSL2Enabled=0}",0.00788917204359378,1,1.02229674486925,582
"512","{rating=A+,SSL2Enabled=0,TLS1Enabled=0,TLS11Enabled=1} => {TLS12Enabled=1}",0.00788917204359378,1,1.09131791890413,582
"642","{rating=A+,SSL3Enabled=0,TLS1Enabled=0,TLS11Enabled=1,TLS12Enabled=1} => {SSL2Enabled=0}",0.00788917204359378,1,1.02229674486925,582
"643","{rating=A+,SSL2Enabled=0,SSL3Enabled=0,TLS1Enabled=0,TLS11Enabled=1} => {TLS12Enabled=1}",0.00788917204359378,1,1.09131791890413,582
"644","{rating=A+,SSL2Enabled=0,TLS1Enabled=0,TLS11Enabled=1,TLS12Enabled=1} => {SSL3Enabled=0}",0.00788917204359378,1,1.10498329913275,582
"204","{rating=A-,TLS1Enabled=0,TLS11Enabled=1} => {SSL3Enabled=0}",0.00767228758878707,1,1.10498329913275,566
"205","{rating=A-,TLS1Enabled=0,TLS11Enabled=1} => {TLS12Enabled=1}",0.00767228758878707,1,1.09131791890413,566
"206","{rating=A-,TLS1Enabled=0,TLS11Enabled=1} => {SSL2Enabled=0}",0.00767228758878707,1,1.02229674486925,566
"463","{rating=A-,SSL3Enabled=0,TLS1Enabled=0,TLS11Enabled=1} => {TLS12Enabled=1}",0.00767228758878707,1,1.09131791890413,566
"464","{rating=A-,TLS1Enabled=0,TLS11Enabled=1,TLS12Enabled=1} => {SSL3Enabled=0}",0.00767228758878707,1,1.10498329913275,566
"465","{rating=A-,SSL3Enabled=0,TLS1Enabled=0,TLS11Enabled=1} => {SSL2Enabled=0}",0.00767228758878707,1,1.02229674486925,566
"466","{rating=A-,SSL2Enabled=0,TLS1Enabled=0,TLS11Enabled=1} => {SSL3Enabled=0}",0.00767228758878707,1,1.10498329913275,566
"467","{rating=A-,TLS1Enabled=0,TLS11Enabled=1,TLS12Enabled=1} => {SSL2Enabled=0}",0.00767228758878707,1,1.02229674486925,566
"468","{rating=A-,SSL2Enabled=0,TLS1Enabled=0,TLS11Enabled=1} => {TLS12Enabled=1}",0.00767228758878707,1,1.09131791890413,566
"626","{rating=A-,SSL3Enabled=0,TLS1Enabled=0,TLS11Enabled=1,TLS12Enabled=1} => {SSL2Enabled=0}",0.00767228758878707,1,1.02229674486925,566
"627","{rating=A-,SSL2Enabled=0,SSL3Enabled=0,TLS1Enabled=0,TLS11Enabled=1} => {TLS12Enabled=1}",0.00767228758878707,1,1.09131791890413,566
"628","{rating=A-,SSL2Enabled=0,TLS1Enabled=0,TLS11Enabled=1,TLS12Enabled=1} => {SSL3Enabled=0}",0.00767228758878707,1,1.10498329913275,566
"488","{rating=B,TLS1Enabled=0,TLS11Enabled=0,TLS12Enabled=1} => {SSL2Enabled=0}",0.00710296589491948,1,1.02229674486925,524
"634","{rating=B,SSL3Enabled=0,TLS1Enabled=0,TLS11Enabled=0,TLS12Enabled=1} => {SSL2Enabled=0}",0.00707585533806864,1,1.02229674486925,522
"175","{rating=C,SSL3Enabled=1,TLS11Enabled=0} => {SSL2Enabled=0}",0.00687252616168736,1,1.02229674486925,507
"115","{rating=T,SSL3Enabled=0,TLS11Enabled=0} => {SSL2Enabled=0}",0.00681830504798569,1,1.02229674486925,503
"230","{rating=B,TLS1Enabled=0,TLS11Enabled=1} => {SSL3Enabled=0}",0.00670986282058234,1,1.10498329913275,495
"231","{rating=B,TLS1Enabled=0,TLS11Enabled=1} => {SSL2Enabled=0}",0.00670986282058234,1,1.02229674486925,495
"490","{rating=B,SSL3Enabled=0,TLS1Enabled=0,TLS11Enabled=1} => {SSL2Enabled=0}",0.00670986282058234,1,1.02229674486925,495
"491","{rating=B,SSL2Enabled=0,TLS1Enabled=0,TLS11Enabled=1} => {SSL3Enabled=0}",0.00670986282058234,1,1.10498329913275,495
"489","{rating=B,TLS1Enabled=0,TLS11Enabled=1,TLS12Enabled=1} => {SSL3Enabled=0}",0.00669630754215692,1,1.10498329913275,494
"492","{rating=B,TLS1Enabled=0,TLS11Enabled=1,TLS12Enabled=1} => {SSL2Enabled=0}",0.00669630754215692,1,1.02229674486925,494
"635","{rating=B,SSL3Enabled=0,TLS1Enabled=0,TLS11Enabled=1,TLS12Enabled=1} => {SSL2Enabled=0}",0.00669630754215692,1,1.02229674486925,494
"636","{rating=B,SSL2Enabled=0,TLS1Enabled=0,TLS11Enabled=1,TLS12Enabled=1} => {SSL3Enabled=0}",0.00669630754215692,1,1.10498329913275,494
"429","{rating=C,SSL3Enabled=1,TLS1Enabled=1,TLS11Enabled=0} => {SSL2Enabled=0}",0.0066827522637315,1,1.02229674486925,493
"13","{rating=T,TLS1Enabled=0} => {SSL2Enabled=0}",0.00643875725207396,1,1.02229674486925,475
"112","{rating=T,SSL3Enabled=0,TLS1Enabled=0} => {SSL2Enabled=0}",0.0063980914167977,1,1.02229674486925,472
"123","{rating=C,SSL3Enabled=1,TLS12Enabled=0} => {TLS1Enabled=1}",0.00624898335411809,1,1.17076112486511,461
"124","{rating=C,SSL3Enabled=1,TLS12Enabled=0} => {SSL2Enabled=0}",0.00624898335411809,1,1.02229674486925,461
"361","{rating=C,SSL3Enabled=1,TLS1Enabled=1,TLS12Enabled=0} => {SSL2Enabled=0}",0.00624898335411809,1,1.02229674486925,461
"362","{rating=C,SSL2Enabled=0,SSL3Enabled=1,TLS12Enabled=0} => {TLS1Enabled=1}",0.00624898335411809,1,1.17076112486511,461
"12","{rating=T,SSL3Enabled=1} => {SSL2Enabled=0}",0.00612698584828932,1,1.02229674486925,452
"107","{rating=T,SSL3Enabled=1,TLS1Enabled=1} => {SSL2Enabled=0}",0.00608632001301307,1,1.02229674486925,449
"357","{rating=C,SSL3Enabled=1,TLS11Enabled=0,TLS12Enabled=0} => {TLS1Enabled=1}",0.00600498834246055,1,1.17076112486511,443
"358","{rating=C,SSL3Enabled=1,TLS11Enabled=0,TLS12Enabled=0} => {SSL2Enabled=0}",0.00600498834246055,1,1.02229674486925,443
"581","{rating=C,SSL3Enabled=1,TLS1Enabled=1,TLS11Enabled=0,TLS12Enabled=0} => {SSL2Enabled=0}",0.00600498834246055,1,1.02229674486925,443
"582","{rating=C,SSL2Enabled=0,SSL3Enabled=1,TLS11Enabled=0,TLS12Enabled=0} => {TLS1Enabled=1}",0.00600498834246055,1,1.17076112486511,443
"29","{rating=A,TLS12Enabled=0} => {TLS11Enabled=0}",0.00586943555820637,1,6.01042854815056,433
"30","{rating=A,TLS12Enabled=0} => {SSL3Enabled=0}",0.00586943555820637,1,1.10498329913275,433
"168","{rating=A,TLS11Enabled=0,TLS12Enabled=0} => {SSL3Enabled=0}",0.00586943555820637,1,1.10498329913275,433
"169","{rating=A,SSL3Enabled=0,TLS12Enabled=0} => {TLS11Enabled=0}",0.00586943555820637,1,6.01042854815056,433
"170","{rating=A,SSL2Enabled=0,TLS12Enabled=0} => {TLS11Enabled=0}",0.00585588027978095,1,6.01042854815056,432
"171","{rating=A,SSL2Enabled=0,TLS12Enabled=0} => {SSL3Enabled=0}",0.00585588027978095,1,1.10498329913275,432
"420","{rating=A,SSL2Enabled=0,TLS11Enabled=0,TLS12Enabled=0} => {SSL3Enabled=0}",0.00585588027978095,1,1.10498329913275,432
"421","{rating=A,SSL2Enabled=0,SSL3Enabled=0,TLS12Enabled=0} => {TLS11Enabled=0}",0.00585588027978095,1,6.01042854815056,432
"162","{rating=A,TLS1Enabled=0,TLS12Enabled=0} => {TLS11Enabled=0}",0.00582876972293011,1,6.01042854815056,430
"163","{rating=A,TLS1Enabled=0,TLS12Enabled=0} => {SSL3Enabled=0}",0.00582876972293011,1,1.10498329913275,430
"164","{rating=A,TLS1Enabled=0,TLS12Enabled=0} => {SSL2Enabled=0}",0.00582876972293011,1,1.02229674486925,430
"411","{rating=A,TLS1Enabled=0,TLS11Enabled=0,TLS12Enabled=0} => {SSL3Enabled=0}",0.00582876972293011,1,1.10498329913275,430
"412","{rating=A,SSL3Enabled=0,TLS1Enabled=0,TLS12Enabled=0} => {TLS11Enabled=0}",0.00582876972293011,1,6.01042854815056,430
"413","{rating=A,TLS1Enabled=0,TLS11Enabled=0,TLS12Enabled=0} => {SSL2Enabled=0}",0.00582876972293011,1,1.02229674486925,430
"414","{rating=A,SSL2Enabled=0,TLS1Enabled=0,TLS12Enabled=0} => {TLS11Enabled=0}",0.00582876972293011,1,6.01042854815056,430
"416","{rating=A,SSL3Enabled=0,TLS1Enabled=0,TLS12Enabled=0} => {SSL2Enabled=0}",0.00582876972293011,1,1.02229674486925,430
"417","{rating=A,SSL2Enabled=0,TLS1Enabled=0,TLS12Enabled=0} => {SSL3Enabled=0}",0.00582876972293011,1,1.10498329913275,430
"606","{rating=A,SSL3Enabled=0,TLS1Enabled=0,TLS11Enabled=0,TLS12Enabled=0} => {SSL2Enabled=0}",0.00582876972293011,1,1.02229674486925,430
"607","{rating=A,SSL2Enabled=0,TLS1Enabled=0,TLS11Enabled=0,TLS12Enabled=0} => {SSL3Enabled=0}",0.00582876972293011,1,1.10498329913275,430
"608","{rating=A,SSL2Enabled=0,SSL3Enabled=0,TLS1Enabled=0,TLS12Enabled=0} => {TLS11Enabled=0}",0.00582876972293011,1,6.01042854815056,430
"32","{rating=C,TLS1Enabled=0} => {SSL2Enabled=0}",0.0050290082958304,1,1.02229674486925,371
"113","{rating=T,TLS1Enabled=0,TLS12Enabled=1} => {SSL2Enabled=0}",0.00498834246055414,1,1.02229674486925,368
"349","{rating=T,SSL3Enabled=0,TLS1Enabled=0,TLS12Enabled=1} => {SSL2Enabled=0}",0.00494767662527788,1,1.02229674486925,365
"108","{rating=T,SSL3Enabled=1,TLS12Enabled=1} => {SSL2Enabled=0}",0.00492056606842705,1,1.02229674486925,363
"342","{rating=T,SSL3Enabled=1,TLS1Enabled=1,TLS12Enabled=1} => {SSL2Enabled=0}",0.00487990023315079,1,1.02229674486925,360
"11","{rating=T,TLS12Enabled=0} => {SSL2Enabled=0}",0.00485278967629995,1,1.02229674486925,358
"24","{rating=B,TLS12Enabled=0} => {SSL3Enabled=0}",0.00481212384102369,1,1.10498329913275,355
"25","{rating=B,TLS12Enabled=0} => {SSL2Enabled=0}",0.00481212384102369,1,1.02229674486925,355
"106","{rating=T,SSL3Enabled=1,TLS11Enabled=1} => {SSL2Enabled=0}",0.00481212384102369,1,1.02229674486925,355
"151","{rating=B,SSL3Enabled=0,TLS12Enabled=0} => {SSL2Enabled=0}",0.00481212384102369,1,1.02229674486925,355
"152","{rating=B,SSL2Enabled=0,TLS12Enabled=0} => {SSL3Enabled=0}",0.00481212384102369,1,1.10498329913275,355
"147","{rating=B,TLS1Enabled=0,TLS12Enabled=0} => {SSL3Enabled=0}",0.00479856856259828,1,1.10498329913275,354
"148","{rating=B,TLS1Enabled=0,TLS12Enabled=0} => {SSL2Enabled=0}",0.00479856856259828,1,1.02229674486925,354
"340","{rating=T,SSL3Enabled=1,TLS1Enabled=1,TLS11Enabled=1} => {SSL2Enabled=0}",0.00479856856259828,1,1.02229674486925,354
"398","{rating=B,SSL3Enabled=0,TLS1Enabled=0,TLS12Enabled=0} => {SSL2Enabled=0}",0.00479856856259828,1,1.02229674486925,354
"399","{rating=B,SSL2Enabled=0,TLS1Enabled=0,TLS12Enabled=0} => {SSL3Enabled=0}",0.00479856856259828,1,1.10498329913275,354
"146","{rating=B,TLS11Enabled=0,TLS12Enabled=0} => {TLS1Enabled=0}",0.00478501328417286,1,6.85613382899628,353
"149","{rating=B,TLS11Enabled=0,TLS12Enabled=0} => {SSL3Enabled=0}",0.00478501328417286,1,1.10498329913275,353
"150","{rating=B,TLS11Enabled=0,TLS12Enabled=0} => {SSL2Enabled=0}",0.00478501328417286,1,1.02229674486925,353
"394","{rating=B,TLS1Enabled=0,TLS11Enabled=0,TLS12Enabled=0} => {SSL3Enabled=0}",0.00478501328417286,1,1.10498329913275,353
"395","{rating=B,SSL3Enabled=0,TLS11Enabled=0,TLS12Enabled=0} => {TLS1Enabled=0}",0.00478501328417286,1,6.85613382899628,353
"396","{rating=B,TLS1Enabled=0,TLS11Enabled=0,TLS12Enabled=0} => {SSL2Enabled=0}",0.00478501328417286,1,1.02229674486925,353
"397","{rating=B,SSL2Enabled=0,TLS11Enabled=0,TLS12Enabled=0} => {TLS1Enabled=0}",0.00478501328417286,1,6.85613382899628,353
"400","{rating=B,SSL3Enabled=0,TLS11Enabled=0,TLS12Enabled=0} => {SSL2Enabled=0}",0.00478501328417286,1,1.02229674486925,353
"401","{rating=B,SSL2Enabled=0,TLS11Enabled=0,TLS12Enabled=0} => {SSL3Enabled=0}",0.00478501328417286,1,1.10498329913275,353
"600","{rating=B,SSL3Enabled=0,TLS1Enabled=0,TLS11Enabled=0,TLS12Enabled=0} => {SSL2Enabled=0}",0.00478501328417286,1,1.02229674486925,353
"601","{rating=B,SSL2Enabled=0,TLS1Enabled=0,TLS11Enabled=0,TLS12Enabled=0} => {SSL3Enabled=0}",0.00478501328417286,1,1.10498329913275,353
"602","{rating=B,SSL2Enabled=0,SSL3Enabled=0,TLS11Enabled=0,TLS12Enabled=0} => {TLS1Enabled=0}",0.00478501328417286,1,6.85613382899628,353
"341","{rating=T,SSL3Enabled=1,TLS11Enabled=1,TLS12Enabled=1} => {SSL2Enabled=0}",0.0047443474488966,1,1.02229674486925,350
"575","{rating=T,SSL3Enabled=1,TLS1Enabled=1,TLS11Enabled=1,TLS12Enabled=1} => {SSL2Enabled=0}",0.00473079217047118,1,1.02229674486925,349
"181","{rating=C,SSL3Enabled=0,TLS1Enabled=0} => {SSL2Enabled=0}",0.00464946049991867,1,1.02229674486925,343
"100","{rating=T,TLS11Enabled=0,TLS12Enabled=0} => {SSL2Enabled=0}",0.00463590522149325,1,1.02229674486925,342
"109","{rating=T,TLS1Enabled=0,TLS11Enabled=0} => {SSL2Enabled=0}",0.00436479965298487,1,1.02229674486925,322
"343","{rating=T,SSL3Enabled=0,TLS1Enabled=0,TLS11Enabled=0} => {SSL2Enabled=0}",0.00433768909613403,1,1.02229674486925,320
"114","{rating=T,TLS1Enabled=1,TLS11Enabled=0} => {SSL2Enabled=0}",0.00376836740226644,1,1.02229674486925,278
"104","{rating=T,SSL3Enabled=0,TLS12Enabled=0} => {SSL2Enabled=0}",0.00364636989643767,1,1.02229674486925,269
"116","{rating=T,TLS11Enabled=0,TLS12Enabled=1} => {SSL2Enabled=0}",0.00349726183375807,1,1.02229674486925,258
"332","{rating=T,SSL3Enabled=0,TLS11Enabled=0,TLS12Enabled=0} => {SSL2Enabled=0}",0.00349726183375807,1,1.02229674486925,258
"103","{rating=T,TLS1Enabled=1,TLS12Enabled=0} => {SSL2Enabled=0}",0.00340237488478013,1,1.02229674486925,251
"179","{rating=C,TLS1Enabled=0,TLS11Enabled=0} => {SSL2Enabled=0}",0.00333459849265304,1,1.02229674486925,246
"352","{rating=T,SSL3Enabled=0,TLS11Enabled=0,TLS12Enabled=1} => {SSL2Enabled=0}",0.00332104321422762,1,1.02229674486925,245
"331","{rating=T,TLS1Enabled=1,TLS11Enabled=0,TLS12Enabled=0} => {SSL2Enabled=0}",0.00318549042997343,1,1.02229674486925,235
"434","{rating=C,SSL3Enabled=0,TLS1Enabled=0,TLS11Enabled=0} => {SSL2Enabled=0}",0.00314482459469718,1,1.02229674486925,232
"378","{rating=F,SSL3Enabled=0,TLS1Enabled=0,TLS12Enabled=0} => {SSL2Enabled=0}",0.00302282708886841,1,1.02229674486925,223
"594","{rating=F,SSL3Enabled=0,TLS1Enabled=0,TLS11Enabled=0,TLS12Enabled=0} => {SSL2Enabled=0}",0.00300927181044299,1,1.02229674486925,222
"344","{rating=T,TLS1Enabled=0,TLS11Enabled=0,TLS12Enabled=1} => {SSL2Enabled=0}",0.00291438486146505,1,1.02229674486925,215
"182","{rating=C,TLS1Enabled=0,TLS12Enabled=1} => {SSL2Enabled=0}",0.00290082958303964,1,1.02229674486925,214
"576","{rating=T,SSL3Enabled=0,TLS1Enabled=0,TLS11Enabled=0,TLS12Enabled=1} => {SSL2Enabled=0}",0.00288727430461422,1,1.02229674486925,213
"185","{rating=C,TLS11Enabled=0,TLS12Enabled=1} => {SSL2Enabled=0}",0.0028059426340617,1,1.02229674486925,207
"10","{SSL2Enabled=1,TLS12Enabled=1} => {rating=F}",0.00262972401453126,1,11.0305023923445,194
"26","{rating=A+,TLS12Enabled=0} => {TLS11Enabled=0}",0.00262972401453126,1,6.01042854815056,194
"27","{rating=A+,TLS12Enabled=0} => {SSL3Enabled=0}",0.00262972401453126,1,1.10498329913275,194
"28","{rating=A+,TLS12Enabled=0} => {SSL2Enabled=0}",0.00262972401453126,1,1.02229674486925,194
"156","{rating=A+,TLS11Enabled=0,TLS12Enabled=0} => {SSL3Enabled=0}",0.00262972401453126,1,1.10498329913275,194
"157","{rating=A+,SSL3Enabled=0,TLS12Enabled=0} => {TLS11Enabled=0}",0.00262972401453126,1,6.01042854815056,194
"158","{rating=A+,TLS11Enabled=0,TLS12Enabled=0} => {SSL2Enabled=0}",0.00262972401453126,1,1.02229674486925,194
"159","{rating=A+,SSL2Enabled=0,TLS12Enabled=0} => {TLS11Enabled=0}",0.00262972401453126,1,6.01042854815056,194
"160","{rating=A+,SSL3Enabled=0,TLS12Enabled=0} => {SSL2Enabled=0}",0.00262972401453126,1,1.02229674486925,194
"161","{rating=A+,SSL2Enabled=0,TLS12Enabled=0} => {SSL3Enabled=0}",0.00262972401453126,1,1.10498329913275,194
"408","{rating=A+,SSL3Enabled=0,TLS11Enabled=0,TLS12Enabled=0} => {SSL2Enabled=0}",0.00262972401453126,1,1.02229674486925,194
"409","{rating=A+,SSL2Enabled=0,TLS11Enabled=0,TLS12Enabled=0} => {SSL3Enabled=0}",0.00262972401453126,1,1.10498329913275,194
"410","{rating=A+,SSL2Enabled=0,SSL3Enabled=0,TLS12Enabled=0} => {TLS11Enabled=0}",0.00262972401453126,1,6.01042854815056,194
"153","{rating=A+,TLS1Enabled=0,TLS12Enabled=0} => {TLS11Enabled=0}",0.00261616873610584,1,6.01042854815056,193
"154","{rating=A+,TLS1Enabled=0,TLS12Enabled=0} => {SSL3Enabled=0}",0.00261616873610584,1,1.10498329913275,193
"155","{rating=A+,TLS1Enabled=0,TLS12Enabled=0} => {SSL2Enabled=0}",0.00261616873610584,1,1.02229674486925,193
"402","{rating=A+,TLS1Enabled=0,TLS11Enabled=0,TLS12Enabled=0} => {SSL3Enabled=0}",0.00261616873610584,1,1.10498329913275,193
"403","{rating=A+,SSL3Enabled=0,TLS1Enabled=0,TLS12Enabled=0} => {TLS11Enabled=0}",0.00261616873610584,1,6.01042854815056,193
"404","{rating=A+,TLS1Enabled=0,TLS11Enabled=0,TLS12Enabled=0} => {SSL2Enabled=0}",0.00261616873610584,1,1.02229674486925,193
"405","{rating=A+,SSL2Enabled=0,TLS1Enabled=0,TLS12Enabled=0} => {TLS11Enabled=0}",0.00261616873610584,1,6.01042854815056,193
"406","{rating=A+,SSL3Enabled=0,TLS1Enabled=0,TLS12Enabled=0} => {SSL2Enabled=0}",0.00261616873610584,1,1.02229674486925,193
"407","{rating=A+,SSL2Enabled=0,TLS1Enabled=0,TLS12Enabled=0} => {SSL3Enabled=0}",0.00261616873610584,1,1.10498329913275,193
"603","{rating=A+,SSL3Enabled=0,TLS1Enabled=0,TLS11Enabled=0,TLS12Enabled=0} => {SSL2Enabled=0}",0.00261616873610584,1,1.02229674486925,193
"604","{rating=A+,SSL2Enabled=0,TLS1Enabled=0,TLS11Enabled=0,TLS12Enabled=0} => {SSL3Enabled=0}",0.00261616873610584,1,1.10498329913275,193
"605","{rating=A+,SSL2Enabled=0,SSL3Enabled=0,TLS1Enabled=0,TLS12Enabled=0} => {TLS11Enabled=0}",0.00261616873610584,1,6.01042854815056,193
"438","{rating=C,SSL3Enabled=0,TLS1Enabled=0,TLS12Enabled=1} => {SSL2Enabled=0}",0.00252128178712791,1,1.02229674486925,186
"92","{SSL2Enabled=1,TLS1Enabled=1,TLS12Enabled=1} => {rating=F}",0.00249417123027707,1,11.0305023923445,184
"350","{rating=T,SSL3Enabled=0,TLS1Enabled=1,TLS11Enabled=0} => {SSL2Enabled=0}",0.00248061595185165,1,1.02229674486925,183
"283","{rating=A,TLS1Enabled=1,TLS11Enabled=0} => {SSL3Enabled=0}",0.00243995011657539,1,1.10498329913275,180
"545","{rating=A,SSL2Enabled=0,TLS1Enabled=1,TLS11Enabled=0} => {SSL3Enabled=0}",0.00242639483814998,1,1.10498329913275,179
"544","{rating=A,TLS1Enabled=1,TLS11Enabled=0,TLS12Enabled=1} => {SSL3Enabled=0}",0.00239928428129914,1,1.10498329913275,177
"546","{rating=A,TLS1Enabled=1,TLS11Enabled=0,TLS12Enabled=1} => {SSL2Enabled=0}",0.00239928428129914,1,1.02229674486925,177
"655","{rating=A,SSL3Enabled=0,TLS1Enabled=1,TLS11Enabled=0,TLS12Enabled=1} => {SSL2Enabled=0}",0.00239928428129914,1,1.02229674486925,177
"656","{rating=A,SSL2Enabled=0,TLS1Enabled=1,TLS11Enabled=0,TLS12Enabled=1} => {SSL3Enabled=0}",0.00239928428129914,1,1.10498329913275,177
"85","{SSL2Enabled=1,SSL3Enabled=1,TLS12Enabled=1} => {rating=F}",0.00238572900287372,1,11.0305023923445,176
"311","{SSL2Enabled=1,SSL3Enabled=1,TLS1Enabled=1,TLS12Enabled=1} => {rating=F}",0.00230439733232121,1,11.0305023923445,170
"211","{rating=A-,TLS1Enabled=1,TLS11Enabled=0} => {SSL3Enabled=0}",0.00220951038334327,1,1.10498329913275,163
"212","{rating=A-,TLS1Enabled=1,TLS11Enabled=0} => {TLS12Enabled=1}",0.00220951038334327,1,1.09131791890413,163
"213","{rating=A-,TLS1Enabled=1,TLS11Enabled=0} => {SSL2Enabled=0}",0.00220951038334327,1,1.02229674486925,163
"471","{rating=A-,SSL3Enabled=0,TLS1Enabled=1,TLS11Enabled=0} => {TLS12Enabled=1}",0.00220951038334327,1,1.09131791890413,163
"472","{rating=A-,TLS1Enabled=1,TLS11Enabled=0,TLS12Enabled=1} => {SSL3Enabled=0}",0.00220951038334327,1,1.10498329913275,163
"473","{rating=A-,SSL3Enabled=0,TLS1Enabled=1,TLS11Enabled=0} => {SSL2Enabled=0}",0.00220951038334327,1,1.02229674486925,163
"474","{rating=A-,SSL2Enabled=0,TLS1Enabled=1,TLS11Enabled=0} => {SSL3Enabled=0}",0.00220951038334327,1,1.10498329913275,163
"475","{rating=A-,TLS1Enabled=1,TLS11Enabled=0,TLS12Enabled=1} => {SSL2Enabled=0}",0.00220951038334327,1,1.02229674486925,163
"476","{rating=A-,SSL2Enabled=0,TLS1Enabled=1,TLS11Enabled=0} => {TLS12Enabled=1}",0.00220951038334327,1,1.09131791890413,163
"629","{rating=A-,SSL3Enabled=0,TLS1Enabled=1,TLS11Enabled=0,TLS12Enabled=1} => {SSL2Enabled=0}",0.00220951038334327,1,1.02229674486925,163
"630","{rating=A-,SSL2Enabled=0,SSL3Enabled=0,TLS1Enabled=1,TLS11Enabled=0} => {TLS12Enabled=1}",0.00220951038334327,1,1.09131791890413,163
"631","{rating=A-,SSL2Enabled=0,TLS1Enabled=1,TLS11Enabled=0,TLS12Enabled=1} => {SSL3Enabled=0}",0.00220951038334327,1,1.10498329913275,163
"337","{rating=T,SSL3Enabled=0,TLS1Enabled=1,TLS12Enabled=0} => {SSL2Enabled=0}",0.00219595510491786,1,1.02229674486925,162
"125","{rating=C,TLS1Enabled=0,TLS12Enabled=0} => {SSL3Enabled=0}",0.00212817871279076,1,1.10498329913275,157
"126","{rating=C,TLS1Enabled=0,TLS12Enabled=0} => {SSL2Enabled=0}",0.00212817871279076,1,1.02229674486925,157
"367","{rating=C,SSL3Enabled=0,TLS1Enabled=0,TLS12Enabled=0} => {SSL2Enabled=0}",0.00212817871279076,1,1.02229674486925,157
"368","{rating=C,SSL2Enabled=0,TLS1Enabled=0,TLS12Enabled=0} => {SSL3Enabled=0}",0.00212817871279076,1,1.10498329913275,157
"9","{SSL2Enabled=1,TLS11Enabled=1} => {rating=F}",0.0020875128775145,1,11.0305023923445,154
"110","{rating=T,TLS1Enabled=0,TLS11Enabled=1} => {TLS12Enabled=1}",0.00207395759908909,1,1.09131791890413,153
"111","{rating=T,TLS1Enabled=0,TLS11Enabled=1} => {SSL2Enabled=0}",0.00207395759908909,1,1.02229674486925,153
"347","{rating=T,TLS1Enabled=0,TLS11Enabled=1,TLS12Enabled=1} => {SSL2Enabled=0}",0.00207395759908909,1,1.02229674486925,153
"348","{rating=T,SSL2Enabled=0,TLS1Enabled=0,TLS11Enabled=1} => {TLS12Enabled=1}",0.00207395759908909,1,1.09131791890413,153
"38","{rating=B,SSL3Enabled=1} => {TLS12Enabled=1}",0.00206040232066367,1,1.09131791890413,152
"39","{rating=B,SSL3Enabled=1} => {SSL2Enabled=0}",0.00206040232066367,1,1.02229674486925,152
"89","{SSL2Enabled=1,TLS1Enabled=1,TLS11Enabled=1} => {rating=F}",0.00206040232066367,1,11.0305023923445,152
"199","{rating=B,SSL3Enabled=1,TLS12Enabled=1} => {SSL2Enabled=0}",0.00206040232066367,1,1.02229674486925,152
"200","{rating=B,SSL2Enabled=0,SSL3Enabled=1} => {TLS12Enabled=1}",0.00206040232066367,1,1.09131791890413,152
"345","{rating=T,SSL3Enabled=0,TLS1Enabled=0,TLS11Enabled=1} => {TLS12Enabled=1}",0.00206040232066367,1,1.09131791890413,152
"346","{rating=T,SSL3Enabled=0,TLS1Enabled=0,TLS11Enabled=1} => {SSL2Enabled=0}",0.00206040232066367,1,1.02229674486925,152
"577","{rating=T,SSL3Enabled=0,TLS1Enabled=0,TLS11Enabled=1,TLS12Enabled=1} => {SSL2Enabled=0}",0.00206040232066367,1,1.02229674486925,152
"578","{rating=T,SSL2Enabled=0,SSL3Enabled=0,TLS1Enabled=0,TLS11Enabled=1} => {TLS12Enabled=1}",0.00206040232066367,1,1.09131791890413,152
"571","{rating=T,SSL3Enabled=0,TLS1Enabled=1,TLS11Enabled=0,TLS12Enabled=0} => {SSL2Enabled=0}",0.00204684704223825,1,1.02229674486925,151
"197","{rating=B,SSL3Enabled=1,TLS1Enabled=1} => {TLS12Enabled=1}",0.00203329176381283,1,1.09131791890413,150
"198","{rating=B,SSL3Enabled=1,TLS1Enabled=1} => {SSL2Enabled=0}",0.00203329176381283,1,1.02229674486925,150
"456","{rating=B,SSL3Enabled=1,TLS1Enabled=1,TLS12Enabled=1} => {SSL2Enabled=0}",0.00203329176381283,1,1.02229674486925,150
"457","{rating=B,SSL2Enabled=0,SSL3Enabled=1,TLS1Enabled=1} => {TLS12Enabled=1}",0.00203329176381283,1,1.09131791890413,150
"234","{rating=B,TLS1Enabled=1,TLS11Enabled=0} => {TLS12Enabled=1}",0.00199262592853657,1,1.09131791890413,147
"235","{rating=B,TLS1Enabled=1,TLS11Enabled=0} => {SSL2Enabled=0}",0.00199262592853657,1,1.02229674486925,147
"496","{rating=B,TLS1Enabled=1,TLS11Enabled=0,TLS12Enabled=1} => {SSL2Enabled=0}",0.00199262592853657,1,1.02229674486925,147
"497","{rating=B,SSL2Enabled=0,TLS1Enabled=1,TLS11Enabled=0} => {TLS12Enabled=1}",0.00199262592853657,1,1.09131791890413,147
"363","{rating=C,TLS1Enabled=0,TLS11Enabled=0,TLS12Enabled=0} => {SSL3Enabled=0}",0.00197907065011115,1,1.10498329913275,146
"364","{rating=C,TLS1Enabled=0,TLS11Enabled=0,TLS12Enabled=0} => {SSL2Enabled=0}",0.00197907065011115,1,1.02229674486925,146
"585","{rating=C,SSL3Enabled=0,TLS1Enabled=0,TLS11Enabled=0,TLS12Enabled=0} => {SSL2Enabled=0}",0.00197907065011115,1,1.02229674486925,146
"586","{rating=C,SSL2Enabled=0,TLS1Enabled=0,TLS11Enabled=0,TLS12Enabled=0} => {SSL3Enabled=0}",0.00197907065011115,1,1.10498329913275,146
"83","{SSL2Enabled=1,SSL3Enabled=1,TLS11Enabled=1} => {rating=F}",0.00196551537168573,1,11.0305023923445,145
"91","{SSL2Enabled=1,TLS11Enabled=1,TLS12Enabled=1} => {rating=F}",0.00195196009326032,1,11.0305023923445,144
"309","{SSL2Enabled=1,SSL3Enabled=1,TLS1Enabled=1,TLS11Enabled=1} => {rating=F}",0.00195196009326032,1,11.0305023923445,144
"441","{rating=C,SSL3Enabled=0,TLS11Enabled=0,TLS12Enabled=1} => {SSL2Enabled=0}",0.0019384048148349,1,1.02229674486925,143
"316","{SSL2Enabled=1,TLS1Enabled=1,TLS11Enabled=1,TLS12Enabled=1} => {rating=F}",0.00192484953640948,1,11.0305023923445,142
"194","{rating=B,SSL3Enabled=1,TLS11Enabled=1} => {TLS1Enabled=1}",0.00188418370113322,1,1.17076112486511,139
"195","{rating=B,SSL3Enabled=1,TLS11Enabled=1} => {TLS12Enabled=1}",0.00188418370113322,1,1.09131791890413,139
"196","{rating=B,SSL3Enabled=1,TLS11Enabled=1} => {SSL2Enabled=0}",0.00188418370113322,1,1.02229674486925,139
"450","{rating=B,SSL3Enabled=1,TLS1Enabled=1,TLS11Enabled=1} => {TLS12Enabled=1}",0.00188418370113322,1,1.09131791890413,139
"451","{rating=B,SSL3Enabled=1,TLS11Enabled=1,TLS12Enabled=1} => {TLS1Enabled=1}",0.00188418370113322,1,1.17076112486511,139
"452","{rating=B,SSL3Enabled=1,TLS1Enabled=1,TLS11Enabled=1} => {SSL2Enabled=0}",0.00188418370113322,1,1.02229674486925,139
"453","{rating=B,SSL2Enabled=0,SSL3Enabled=1,TLS11Enabled=1} => {TLS1Enabled=1}",0.00188418370113322,1,1.17076112486511,139
"454","{rating=B,SSL3Enabled=1,TLS11Enabled=1,TLS12Enabled=1} => {SSL2Enabled=0}",0.00188418370113322,1,1.02229674486925,139
"455","{rating=B,SSL2Enabled=0,SSL3Enabled=1,TLS11Enabled=1} => {TLS12Enabled=1}",0.00188418370113322,1,1.09131791890413,139
"621","{rating=B,SSL3Enabled=1,TLS1Enabled=1,TLS11Enabled=1,TLS12Enabled=1} => {SSL2Enabled=0}",0.00188418370113322,1,1.02229674486925,139
"622","{rating=B,SSL2Enabled=0,SSL3Enabled=1,TLS1Enabled=1,TLS11Enabled=1} => {TLS12Enabled=1}",0.00188418370113322,1,1.09131791890413,139
"623","{rating=B,SSL2Enabled=0,SSL3Enabled=1,TLS11Enabled=1,TLS12Enabled=1} => {TLS1Enabled=1}",0.00188418370113322,1,1.17076112486511,139
"494","{rating=B,SSL3Enabled=0,TLS1Enabled=1,TLS11Enabled=0} => {TLS12Enabled=1}",0.00184351786585696,1,1.09131791890413,136
"495","{rating=B,SSL3Enabled=0,TLS1Enabled=1,TLS11Enabled=0} => {SSL2Enabled=0}",0.00184351786585696,1,1.02229674486925,136
"637","{rating=B,SSL3Enabled=0,TLS1Enabled=1,TLS11Enabled=0,TLS12Enabled=1} => {SSL2Enabled=0}",0.00184351786585696,1,1.02229674486925,136
"638","{rating=B,SSL2Enabled=0,SSL3Enabled=0,TLS1Enabled=1,TLS11Enabled=0} => {TLS12Enabled=1}",0.00184351786585696,1,1.09131791890413,136
"310","{SSL2Enabled=1,SSL3Enabled=1,TLS11Enabled=1,TLS12Enabled=1} => {rating=F}",0.00182996258743155,1,11.0305023923445,135
"563","{SSL2Enabled=1,SSL3Enabled=1,TLS1Enabled=1,TLS11Enabled=1,TLS12Enabled=1} => {rating=F}",0.00181640730900613,1,11.0305023923445,134
"20","{rating=A-,TLS12Enabled=0} => {TLS1Enabled=0}",0.00176218619530445,1,6.85613382899628,130
"21","{rating=A-,TLS12Enabled=0} => {TLS11Enabled=0}",0.00176218619530445,1,6.01042854815056,130
"22","{rating=A-,TLS12Enabled=0} => {SSL3Enabled=0}",0.00176218619530445,1,1.10498329913275,130
"23","{rating=A-,TLS12Enabled=0} => {SSL2Enabled=0}",0.00176218619530445,1,1.02229674486925,130
"134","{rating=A-,TLS1Enabled=0,TLS12Enabled=0} => {TLS11Enabled=0}",0.00176218619530445,1,6.01042854815056,130
"135","{rating=A-,TLS11Enabled=0,TLS12Enabled=0} => {TLS1Enabled=0}",0.00176218619530445,1,6.85613382899628,130
"136","{rating=A-,TLS1Enabled=0,TLS12Enabled=0} => {SSL3Enabled=0}",0.00176218619530445,1,1.10498329913275,130
"137","{rating=A-,SSL3Enabled=0,TLS12Enabled=0} => {TLS1Enabled=0}",0.00176218619530445,1,6.85613382899628,130
"138","{rating=A-,TLS1Enabled=0,TLS12Enabled=0} => {SSL2Enabled=0}",0.00176218619530445,1,1.02229674486925,130
"139","{rating=A-,SSL2Enabled=0,TLS12Enabled=0} => {TLS1Enabled=0}",0.00176218619530445,1,6.85613382899628,130
"140","{rating=A-,TLS11Enabled=0,TLS12Enabled=0} => {SSL3Enabled=0}",0.00176218619530445,1,1.10498329913275,130
"141","{rating=A-,SSL3Enabled=0,TLS12Enabled=0} => {TLS11Enabled=0}",0.00176218619530445,1,6.01042854815056,130
"142","{rating=A-,TLS11Enabled=0,TLS12Enabled=0} => {SSL2Enabled=0}",0.00176218619530445,1,1.02229674486925,130
"143","{rating=A-,SSL2Enabled=0,TLS12Enabled=0} => {TLS11Enabled=0}",0.00176218619530445,1,6.01042854815056,130
"144","{rating=A-,SSL3Enabled=0,TLS12Enabled=0} => {SSL2Enabled=0}",0.00176218619530445,1,1.02229674486925,130
"145","{rating=A-,SSL2Enabled=0,TLS12Enabled=0} => {SSL3Enabled=0}",0.00176218619530445,1,1.10498329913275,130
"382","{rating=A-,TLS1Enabled=0,TLS11Enabled=0,TLS12Enabled=0} => {SSL3Enabled=0}",0.00176218619530445,1,1.10498329913275,130
"383","{rating=A-,SSL3Enabled=0,TLS1Enabled=0,TLS12Enabled=0} => {TLS11Enabled=0}",0.00176218619530445,1,6.01042854815056,130
"384","{rating=A-,SSL3Enabled=0,TLS11Enabled=0,TLS12Enabled=0} => {TLS1Enabled=0}",0.00176218619530445,1,6.85613382899628,130
"385","{rating=A-,TLS1Enabled=0,TLS11Enabled=0,TLS12Enabled=0} => {SSL2Enabled=0}",0.00176218619530445,1,1.02229674486925,130
"386","{rating=A-,SSL2Enabled=0,TLS1Enabled=0,TLS12Enabled=0} => {TLS11Enabled=0}",0.00176218619530445,1,6.01042854815056,130
"387","{rating=A-,SSL2Enabled=0,TLS11Enabled=0,TLS12Enabled=0} => {TLS1Enabled=0}",0.00176218619530445,1,6.85613382899628,130
"388","{rating=A-,SSL3Enabled=0,TLS1Enabled=0,TLS12Enabled=0} => {SSL2Enabled=0}",0.00176218619530445,1,1.02229674486925,130
"389","{rating=A-,SSL2Enabled=0,TLS1Enabled=0,TLS12Enabled=0} => {SSL3Enabled=0}",0.00176218619530445,1,1.10498329913275,130
"390","{rating=A-,SSL2Enabled=0,SSL3Enabled=0,TLS12Enabled=0} => {TLS1Enabled=0}",0.00176218619530445,1,6.85613382899628,130
"391","{rating=A-,SSL3Enabled=0,TLS11Enabled=0,TLS12Enabled=0} => {SSL2Enabled=0}",0.00176218619530445,1,1.02229674486925,130
"392","{rating=A-,SSL2Enabled=0,TLS11Enabled=0,TLS12Enabled=0} => {SSL3Enabled=0}",0.00176218619530445,1,1.10498329913275,130
"393","{rating=A-,SSL2Enabled=0,SSL3Enabled=0,TLS12Enabled=0} => {TLS11Enabled=0}",0.00176218619530445,1,6.01042854815056,130
"596","{rating=A-,SSL3Enabled=0,TLS1Enabled=0,TLS11Enabled=0,TLS12Enabled=0} => {SSL2Enabled=0}",0.00176218619530445,1,1.02229674486925,130
"597","{rating=A-,SSL2Enabled=0,TLS1Enabled=0,TLS11Enabled=0,TLS12Enabled=0} => {SSL3Enabled=0}",0.00176218619530445,1,1.10498329913275,130
"598","{rating=A-,SSL2Enabled=0,SSL3Enabled=0,TLS1Enabled=0,TLS12Enabled=0} => {TLS11Enabled=0}",0.00176218619530445,1,6.01042854815056,130
"599","{rating=A-,SSL2Enabled=0,SSL3Enabled=0,TLS11Enabled=0,TLS12Enabled=0} => {TLS1Enabled=0}",0.00176218619530445,1,6.85613382899628,130
"180","{rating=C,TLS1Enabled=0,TLS11Enabled=1} => {SSL2Enabled=0}",0.00169440980317736,1,1.02229674486925,125
"437","{rating=C,TLS1Enabled=0,TLS11Enabled=1,TLS12Enabled=1} => {SSL2Enabled=0}",0.00154530174049775,1,1.02229674486925,114
"436","{rating=C,SSL3Enabled=0,TLS1Enabled=0,TLS11Enabled=1} => {SSL2Enabled=0}",0.00150463590522149,1,1.02229674486925,111
"97","{rating=T,TLS1Enabled=0,TLS12Enabled=0} => {TLS11Enabled=0}",0.00145041479151982,1,6.01042854815056,107
"98","{rating=T,TLS1Enabled=0,TLS12Enabled=0} => {SSL3Enabled=0}",0.00145041479151982,1,1.10498329913275,107
"99","{rating=T,TLS1Enabled=0,TLS12Enabled=0} => {SSL2Enabled=0}",0.00145041479151982,1,1.02229674486925,107
"325","{rating=T,TLS1Enabled=0,TLS11Enabled=0,TLS12Enabled=0} => {SSL3Enabled=0}",0.00145041479151982,1,1.10498329913275,107
"326","{rating=T,SSL3Enabled=0,TLS1Enabled=0,TLS12Enabled=0} => {TLS11Enabled=0}",0.00145041479151982,1,6.01042854815056,107
"327","{rating=T,TLS1Enabled=0,TLS11Enabled=0,TLS12Enabled=0} => {SSL2Enabled=0}",0.00145041479151982,1,1.02229674486925,107
"328","{rating=T,SSL2Enabled=0,TLS1Enabled=0,TLS12Enabled=0} => {TLS11Enabled=0}",0.00145041479151982,1,6.01042854815056,107
"329","{rating=T,SSL3Enabled=0,TLS1Enabled=0,TLS12Enabled=0} => {SSL2Enabled=0}",0.00145041479151982,1,1.02229674486925,107
"330","{rating=T,SSL2Enabled=0,TLS1Enabled=0,TLS12Enabled=0} => {SSL3Enabled=0}",0.00145041479151982,1,1.10498329913275,107
"440","{rating=C,TLS1Enabled=1,TLS11Enabled=0,TLS12Enabled=1} => {SSL2Enabled=0}",0.00145041479151982,1,1.02229674486925,107
"568","{rating=T,SSL3Enabled=0,TLS1Enabled=0,TLS11Enabled=0,TLS12Enabled=0} => {SSL2Enabled=0}",0.00145041479151982,1,1.02229674486925,107
"569","{rating=T,SSL2Enabled=0,TLS1Enabled=0,TLS11Enabled=0,TLS12Enabled=0} => {SSL3Enabled=0}",0.00145041479151982,1,1.10498329913275,107
"570","{rating=T,SSL2Enabled=0,SSL3Enabled=0,TLS1Enabled=0,TLS12Enabled=0} => {TLS11Enabled=0}",0.00145041479151982,1,6.01042854815056,107
"435","{rating=C,TLS1Enabled=0,TLS11Enabled=0,TLS12Enabled=1} => {SSL2Enabled=0}",0.00135552784254189,1,1.02229674486925,100
"616","{rating=C,SSL3Enabled=0,TLS1Enabled=0,TLS11Enabled=1,TLS12Enabled=1} => {SSL2Enabled=0}",0.00135552784254189,1,1.02229674486925,100
"172","{SSL3Enabled=0,TLS11Enabled=1,TLS12Enabled=0} => {SSL2Enabled=0}",0.00132841728569105,1,1.02229674486925,98
"105","{rating=T,SSL3Enabled=1,TLS11Enabled=0} => {SSL2Enabled=0}",0.00131486200726563,1,1.02229674486925,97
"338","{rating=T,SSL3Enabled=1,TLS1Enabled=1,TLS11Enabled=0} => {SSL2Enabled=0}",0.00128775145041479,1,1.02229674486925,95
"95","{rating=T,SSL3Enabled=1,TLS12Enabled=0} => {TLS1Enabled=1}",0.00120641977986228,1,1.17076112486511,89
"96","{rating=T,SSL3Enabled=1,TLS12Enabled=0} => {SSL2Enabled=0}",0.00120641977986228,1,1.02229674486925,89
"323","{rating=T,SSL3Enabled=1,TLS1Enabled=1,TLS12Enabled=0} => {SSL2Enabled=0}",0.00120641977986228,1,1.02229674486925,89
"324","{rating=T,SSL2Enabled=0,SSL3Enabled=1,TLS12Enabled=0} => {TLS1Enabled=1}",0.00120641977986228,1,1.17076112486511,89
"615","{rating=C,SSL3Enabled=0,TLS1Enabled=0,TLS11Enabled=0,TLS12Enabled=1} => {SSL2Enabled=0}",0.00116575394458602,1,1.02229674486925,86
"422","{SSL3Enabled=0,TLS1Enabled=1,TLS11Enabled=1,TLS12Enabled=0} => {SSL2Enabled=0}",0.0011521986661606,1,1.02229674486925,85
"321","{rating=T,SSL3Enabled=1,TLS11Enabled=0,TLS12Enabled=0} => {TLS1Enabled=1}",0.00113864338773518,1,1.17076112486511,84
"322","{rating=T,SSL3Enabled=1,TLS11Enabled=0,TLS12Enabled=0} => {SSL2Enabled=0}",0.00113864338773518,1,1.02229674486925,84
"566","{rating=T,SSL3Enabled=1,TLS1Enabled=1,TLS11Enabled=0,TLS12Enabled=0} => {SSL2Enabled=0}",0.00113864338773518,1,1.02229674486925,84
"567","{rating=T,SSL2Enabled=0,SSL3Enabled=1,TLS11Enabled=0,TLS12Enabled=0} => {TLS1Enabled=1}",0.00113864338773518,1,1.17076112486511,84
"128","{rating=C,TLS11Enabled=1,TLS12Enabled=0} => {SSL2Enabled=0}",0.00112508810930977,1,1.02229674486925,83
"371","{rating=C,TLS1Enabled=1,TLS11Enabled=1,TLS12Enabled=0} => {SSL2Enabled=0}",0.000975980046630158,1,1.02229674486925,72
"372","{rating=C,SSL3Enabled=0,TLS11Enabled=1,TLS12Enabled=0} => {SSL2Enabled=0}",0.000881093097652226,1,1.02229674486925,65
"430","{rating=C,SSL3Enabled=1,TLS11Enabled=0,TLS12Enabled=1} => {SSL2Enabled=0}",0.000867537819226807,1,1.02229674486925,64
"133","{SSL3Enabled=1,TLS11Enabled=1,TLS12Enabled=0} => {TLS1Enabled=1}",0.000799761427099713,1,1.17076112486511,59
"253","{rating=A+,TLS1Enabled=1,TLS11Enabled=0} => {SSL3Enabled=0}",0.000772650870248875,1,1.10498329913275,57
"254","{rating=A+,TLS1Enabled=1,TLS11Enabled=0} => {SSL2Enabled=0}",0.000772650870248875,1,1.02229674486925,57
"516","{rating=A+,SSL3Enabled=0,TLS1Enabled=1,TLS11Enabled=0} => {SSL2Enabled=0}",0.000772650870248875,1,1.02229674486925,57
"517","{rating=A+,SSL2Enabled=0,TLS1Enabled=1,TLS11Enabled=0} => {SSL3Enabled=0}",0.000772650870248875,1,1.10498329913275,57
"617","{rating=C,SSL3Enabled=0,TLS1Enabled=1,TLS11Enabled=0,TLS12Enabled=1} => {SSL2Enabled=0}",0.000772650870248875,1,1.02229674486925,57
"515","{rating=A+,TLS1Enabled=1,TLS11Enabled=0,TLS12Enabled=1} => {SSL3Enabled=0}",0.000759095591823456,1,1.10498329913275,56
"518","{rating=A+,TLS1Enabled=1,TLS11Enabled=0,TLS12Enabled=1} => {SSL2Enabled=0}",0.000759095591823456,1,1.02229674486925,56
"645","{rating=A+,SSL3Enabled=0,TLS1Enabled=1,TLS11Enabled=0,TLS12Enabled=1} => {SSL2Enabled=0}",0.000759095591823456,1,1.02229674486925,56
"646","{rating=A+,SSL2Enabled=0,TLS1Enabled=1,TLS11Enabled=0,TLS12Enabled=1} => {SSL3Enabled=0}",0.000759095591823456,1,1.10498329913275,56
"590","{rating=C,SSL3Enabled=0,TLS1Enabled=1,TLS11Enabled=1,TLS12Enabled=0} => {SSL2Enabled=0}",0.000731985034972618,1,1.02229674486925,54
"88","{SSL2Enabled=1,TLS11Enabled=0,TLS12Enabled=1} => {rating=F}",0.000677763921270943,1,11.0305023923445,50
"613","{rating=C,SSL3Enabled=1,TLS1Enabled=1,TLS11Enabled=0,TLS12Enabled=1} => {SSL2Enabled=0}",0.000677763921270943,1,1.02229674486925,50
"381","{SSL2Enabled=0,SSL3Enabled=1,TLS11Enabled=1,TLS12Enabled=0} => {TLS1Enabled=1}",0.000664208642845524,1,1.17076112486511,49
"351","{rating=T,TLS1Enabled=1,TLS11Enabled=0,TLS12Enabled=1} => {SSL2Enabled=0}",0.000582876972293011,1,1.02229674486925,43
"313","{SSL2Enabled=1,TLS1Enabled=1,TLS11Enabled=0,TLS12Enabled=1} => {rating=F}",0.000569321693867592,1,11.0305023923445,42
"308","{SSL2Enabled=1,SSL3Enabled=1,TLS11Enabled=0,TLS12Enabled=1} => {rating=F}",0.000555766415442173,1,11.0305023923445,41
"78","{SSL2Enabled=1,SSL3Enabled=0,TLS12Enabled=0} => {TLS11Enabled=0}",0.000528655858591335,1,6.01042854815056,39
"80","{SSL2Enabled=1,SSL3Enabled=0,TLS12Enabled=0} => {TLS1Enabled=1}",0.000528655858591335,1,1.17076112486511,39
"305","{SSL2Enabled=1,SSL3Enabled=0,TLS11Enabled=0,TLS12Enabled=0} => {TLS1Enabled=1}",0.000528655858591335,1,1.17076112486511,39
"306","{SSL2Enabled=1,SSL3Enabled=0,TLS1Enabled=1,TLS12Enabled=0} => {TLS11Enabled=0}",0.000528655858591335,1,6.01042854815056,39
"299","{rating=F,SSL2Enabled=1,SSL3Enabled=0,TLS12Enabled=0} => {TLS11Enabled=0}",0.000515100580165917,1,6.01042854815056,38
"302","{rating=F,SSL2Enabled=1,SSL3Enabled=0,TLS12Enabled=0} => {TLS1Enabled=1}",0.000515100580165917,1,1.17076112486511,38
"560","{rating=F,SSL2Enabled=1,SSL3Enabled=0,TLS11Enabled=0,TLS12Enabled=0} => {TLS1Enabled=1}",0.000515100580165917,1,1.17076112486511,38
"561","{rating=F,SSL2Enabled=1,SSL3Enabled=0,TLS1Enabled=1,TLS12Enabled=0} => {TLS11Enabled=0}",0.000515100580165917,1,6.01042854815056,38
"377","{rating=F,SSL3Enabled=1,TLS11Enabled=1,TLS12Enabled=0} => {TLS1Enabled=1}",0.000487990023315079,1,1.17076112486511,36
"562","{SSL2Enabled=1,SSL3Enabled=1,TLS1Enabled=1,TLS11Enabled=0,TLS12Enabled=1} => {rating=F}",0.000487990023315079,1,11.0305023923445,36
"579","{rating=T,SSL3Enabled=0,TLS1Enabled=1,TLS11Enabled=0,TLS12Enabled=1} => {SSL2Enabled=0}",0.000433768909613403,1,1.02229674486925,32
"173","{rating=C,SSL3Enabled=1,TLS1Enabled=0} => {TLS12Enabled=1}",0.000379547795911728,1,1.09131791890413,28
"174","{rating=C,SSL3Enabled=1,TLS1Enabled=0} => {SSL2Enabled=0}",0.000379547795911728,1,1.02229674486925,28
"427","{rating=C,SSL3Enabled=1,TLS1Enabled=0,TLS12Enabled=1} => {SSL2Enabled=0}",0.000379547795911728,1,1.02229674486925,28
"428","{rating=C,SSL2Enabled=0,SSL3Enabled=1,TLS1Enabled=0} => {TLS12Enabled=1}",0.000379547795911728,1,1.09131791890413,28
"593","{rating=F,SSL2Enabled=0,SSL3Enabled=1,TLS11Enabled=1,TLS12Enabled=0} => {TLS1Enabled=1}",0.00035243723906089,1,1.17076112486511,26
"379","{rating=F,SSL3Enabled=0,TLS11Enabled=1,TLS12Enabled=0} => {SSL2Enabled=0}",0.000271105568508377,1,1.02229674486925,20
"595","{rating=F,SSL3Enabled=0,TLS1Enabled=1,TLS11Enabled=1,TLS12Enabled=0} => {SSL2Enabled=0}",0.000257550290082958,1,1.02229674486925,19
"93","{SSL2Enabled=1,SSL3Enabled=0,TLS12Enabled=1} => {rating=F}",0.000243995011657539,1,11.0305023923445,18
"359","{rating=C,SSL3Enabled=1,TLS11Enabled=1,TLS12Enabled=0} => {TLS1Enabled=1}",0.000243995011657539,1,1.17076112486511,18
"360","{rating=C,SSL3Enabled=1,TLS11Enabled=1,TLS12Enabled=0} => {SSL2Enabled=0}",0.000243995011657539,1,1.02229674486925,18
"583","{rating=C,SSL3Enabled=1,TLS1Enabled=1,TLS11Enabled=1,TLS12Enabled=0} => {SSL2Enabled=0}",0.000243995011657539,1,1.02229674486925,18
"584","{rating=C,SSL2Enabled=0,SSL3Enabled=1,TLS11Enabled=1,TLS12Enabled=0} => {TLS1Enabled=1}",0.000243995011657539,1,1.17076112486511,18
"201","{SSL3Enabled=1,TLS1Enabled=0,TLS11Enabled=1} => {TLS12Enabled=1}",0.000230439733232121,1,1.09131791890413,17
"101","{rating=T,TLS11Enabled=1,TLS12Enabled=0} => {TLS1Enabled=1}",0.000216884454806702,1,1.17076112486511,16
"102","{rating=T,TLS11Enabled=1,TLS12Enabled=0} => {SSL2Enabled=0}",0.000216884454806702,1,1.02229674486925,16
"334","{rating=T,TLS1Enabled=1,TLS11Enabled=1,TLS12Enabled=0} => {SSL2Enabled=0}",0.000216884454806702,1,1.02229674486925,16
"335","{rating=T,SSL2Enabled=0,TLS11Enabled=1,TLS12Enabled=0} => {TLS1Enabled=1}",0.000216884454806702,1,1.17076112486511,16
"458","{SSL2Enabled=0,SSL3Enabled=1,TLS1Enabled=0,TLS11Enabled=1} => {TLS12Enabled=1}",0.000216884454806702,1,1.09131791890413,16
"319","{SSL2Enabled=1,SSL3Enabled=0,TLS1Enabled=1,TLS12Enabled=1} => {rating=F}",0.000189773897955864,1,11.0305023923445,14
"423","{rating=C,SSL3Enabled=1,TLS1Enabled=0,TLS11Enabled=0} => {TLS12Enabled=1}",0.000189773897955864,1,1.09131791890413,14
"424","{rating=C,SSL3Enabled=1,TLS1Enabled=0,TLS11Enabled=0} => {SSL2Enabled=0}",0.000189773897955864,1,1.02229674486925,14
"425","{rating=C,SSL3Enabled=1,TLS1Enabled=0,TLS11Enabled=1} => {TLS12Enabled=1}",0.000189773897955864,1,1.09131791890413,14
"426","{rating=C,SSL3Enabled=1,TLS1Enabled=0,TLS11Enabled=1} => {SSL2Enabled=0}",0.000189773897955864,1,1.02229674486925,14
"609","{rating=C,SSL3Enabled=1,TLS1Enabled=0,TLS11Enabled=0,TLS12Enabled=1} => {SSL2Enabled=0}",0.000189773897955864,1,1.02229674486925,14
"610","{rating=C,SSL2Enabled=0,SSL3Enabled=1,TLS1Enabled=0,TLS11Enabled=0} => {TLS12Enabled=1}",0.000189773897955864,1,1.09131791890413,14
"611","{rating=C,SSL3Enabled=1,TLS1Enabled=0,TLS11Enabled=1,TLS12Enabled=1} => {SSL2Enabled=0}",0.000189773897955864,1,1.02229674486925,14
"612","{rating=C,SSL2Enabled=0,SSL3Enabled=1,TLS1Enabled=0,TLS11Enabled=1} => {TLS12Enabled=1}",0.000189773897955864,1,1.09131791890413,14
"165","{TLS1Enabled=0,TLS11Enabled=1,TLS12Enabled=0} => {SSL3Enabled=0}",0.000176218619530445,1,1.10498329913275,13
"166","{TLS1Enabled=0,TLS11Enabled=1,TLS12Enabled=0} => {SSL2Enabled=0}",0.000176218619530445,1,1.02229674486925,13
"192","{rating=B,SSL3Enabled=1,TLS11Enabled=0} => {TLS12Enabled=1}",0.000176218619530445,1,1.09131791890413,13
"193","{rating=B,SSL3Enabled=1,TLS11Enabled=0} => {SSL2Enabled=0}",0.000176218619530445,1,1.02229674486925,13
"339","{rating=T,SSL3Enabled=1,TLS11Enabled=0,TLS12Enabled=1} => {SSL2Enabled=0}",0.000176218619530445,1,1.02229674486925,13
"418","{SSL3Enabled=0,TLS1Enabled=0,TLS11Enabled=1,TLS12Enabled=0} => {SSL2Enabled=0}",0.000176218619530445,1,1.02229674486925,13
"419","{SSL2Enabled=0,TLS1Enabled=0,TLS11Enabled=1,TLS12Enabled=0} => {SSL3Enabled=0}",0.000176218619530445,1,1.10498329913275,13
"448","{rating=B,SSL3Enabled=1,TLS11Enabled=0,TLS12Enabled=1} => {SSL2Enabled=0}",0.000176218619530445,1,1.02229674486925,13
"449","{rating=B,SSL2Enabled=0,SSL3Enabled=1,TLS11Enabled=0} => {TLS12Enabled=1}",0.000176218619530445,1,1.09131791890413,13
"8","{SSL2Enabled=1,TLS1Enabled=0} => {rating=F}",0.000162663341105026,1,11.0305023923445,12
"131","{SSL3Enabled=1,TLS1Enabled=0,TLS12Enabled=0} => {rating=F}",0.000149108062679607,1,11.0305023923445,11
"132","{SSL3Enabled=1,TLS1Enabled=0,TLS12Enabled=0} => {TLS11Enabled=0}",0.000149108062679607,1,6.01042854815056,11
"333","{rating=T,SSL3Enabled=0,TLS11Enabled=1,TLS12Enabled=0} => {TLS1Enabled=1}",0.000149108062679607,1,1.17076112486511,11
"336","{rating=T,SSL3Enabled=0,TLS11Enabled=1,TLS12Enabled=0} => {SSL2Enabled=0}",0.000149108062679607,1,1.02229674486925,11
"365","{rating=C,TLS1Enabled=0,TLS11Enabled=1,TLS12Enabled=0} => {SSL3Enabled=0}",0.000149108062679607,1,1.10498329913275,11
"366","{rating=C,TLS1Enabled=0,TLS11Enabled=1,TLS12Enabled=0} => {SSL2Enabled=0}",0.000149108062679607,1,1.02229674486925,11
"374","{rating=F,SSL3Enabled=1,TLS1Enabled=0,TLS12Enabled=0} => {TLS11Enabled=0}",0.000149108062679607,1,6.01042854815056,11
"375","{SSL3Enabled=1,TLS1Enabled=0,TLS11Enabled=0,TLS12Enabled=0} => {rating=F}",0.000149108062679607,1,11.0305023923445,11
"446","{rating=B,SSL3Enabled=1,TLS1Enabled=1,TLS11Enabled=0} => {TLS12Enabled=1}",0.000149108062679607,1,1.09131791890413,11
"447","{rating=B,SSL3Enabled=1,TLS1Enabled=1,TLS11Enabled=0} => {SSL2Enabled=0}",0.000149108062679607,1,1.02229674486925,11
"572","{rating=T,SSL3Enabled=0,TLS1Enabled=1,TLS11Enabled=1,TLS12Enabled=0} => {SSL2Enabled=0}",0.000149108062679607,1,1.02229674486925,11
"573","{rating=T,SSL2Enabled=0,SSL3Enabled=0,TLS11Enabled=1,TLS12Enabled=0} => {TLS1Enabled=1}",0.000149108062679607,1,1.17076112486511,11
"574","{rating=T,SSL3Enabled=1,TLS1Enabled=1,TLS11Enabled=0,TLS12Enabled=1} => {SSL2Enabled=0}",0.000149108062679607,1,1.02229674486925,11
"587","{rating=C,SSL3Enabled=0,TLS1Enabled=0,TLS11Enabled=1,TLS12Enabled=0} => {SSL2Enabled=0}",0.000149108062679607,1,1.02229674486925,11
"588","{rating=C,SSL2Enabled=0,TLS1Enabled=0,TLS11Enabled=1,TLS12Enabled=0} => {SSL3Enabled=0}",0.000149108062679607,1,1.10498329913275,11
"619","{rating=B,SSL3Enabled=1,TLS1Enabled=1,TLS11Enabled=0,TLS12Enabled=1} => {SSL2Enabled=0}",0.000149108062679607,1,1.02229674486925,11
"620","{rating=B,SSL2Enabled=0,SSL3Enabled=1,TLS1Enabled=1,TLS11Enabled=0} => {TLS12Enabled=1}",0.000149108062679607,1,1.09131791890413,11
"76","{SSL2Enabled=1,TLS11Enabled=1,TLS12Enabled=0} => {rating=F}",0.000135552784254189,1,11.0305023923445,10
"77","{SSL2Enabled=1,TLS11Enabled=1,TLS12Enabled=0} => {SSL3Enabled=1}",0.000135552784254189,1,10.5253245826794,10
"79","{SSL2Enabled=1,TLS11Enabled=1,TLS12Enabled=0} => {TLS1Enabled=1}",0.000135552784254189,1,1.17076112486511,10
"86","{SSL2Enabled=1,TLS1Enabled=0,TLS11Enabled=0} => {rating=F}",0.000135552784254189,1,11.0305023923445,10
"87","{SSL2Enabled=1,TLS1Enabled=0,TLS12Enabled=1} => {rating=F}",0.000135552784254189,1,11.0305023923445,10
"296","{rating=F,SSL2Enabled=1,TLS11Enabled=1,TLS12Enabled=0} => {SSL3Enabled=1}",0.000135552784254189,1,10.5253245826794,10
"297","{SSL2Enabled=1,SSL3Enabled=1,TLS11Enabled=1,TLS12Enabled=0} => {rating=F}",0.000135552784254189,1,11.0305023923445,10
"300","{rating=F,SSL2Enabled=1,TLS11Enabled=1,TLS12Enabled=0} => {TLS1Enabled=1}",0.000135552784254189,1,1.17076112486511,10
"301","{SSL2Enabled=1,TLS1Enabled=1,TLS11Enabled=1,TLS12Enabled=0} => {rating=F}",0.000135552784254189,1,11.0305023923445,10
"303","{SSL2Enabled=1,SSL3Enabled=1,TLS11Enabled=1,TLS12Enabled=0} => {TLS1Enabled=1}",0.000135552784254189,1,1.17076112486511,10
"304","{SSL2Enabled=1,TLS1Enabled=1,TLS11Enabled=1,TLS12Enabled=0} => {SSL3Enabled=1}",0.000135552784254189,1,10.5253245826794,10
"557","{rating=F,SSL2Enabled=1,SSL3Enabled=1,TLS11Enabled=1,TLS12Enabled=0} => {TLS1Enabled=1}",0.000135552784254189,1,1.17076112486511,10
"558","{rating=F,SSL2Enabled=1,TLS1Enabled=1,TLS11Enabled=1,TLS12Enabled=0} => {SSL3Enabled=1}",0.000135552784254189,1,10.5253245826794,10
"559","{SSL2Enabled=1,SSL3Enabled=1,TLS1Enabled=1,TLS11Enabled=1,TLS12Enabled=0} => {rating=F}",0.000135552784254189,1,11.0305023923445,10
"90","{SSL2Enabled=1,SSL3Enabled=0,TLS11Enabled=1} => {rating=F}",0.00012199750582877,1,11.0305023923445,9
"94","{SSL2Enabled=1,SSL3Enabled=0,TLS11Enabled=1} => {TLS12Enabled=1}",0.00012199750582877,1,1.09131791890413,9
"314","{SSL2Enabled=1,SSL3Enabled=0,TLS11Enabled=0,TLS12Enabled=1} => {rating=F}",0.00012199750582877,1,11.0305023923445,9
"317","{rating=F,SSL2Enabled=1,SSL3Enabled=0,TLS11Enabled=1} => {TLS12Enabled=1}",0.00012199750582877,1,1.09131791890413,9
"318","{SSL2Enabled=1,SSL3Enabled=0,TLS11Enabled=1,TLS12Enabled=1} => {rating=F}",0.00012199750582877,1,11.0305023923445,9
"376","{SSL2Enabled=0,SSL3Enabled=1,TLS1Enabled=0,TLS12Enabled=0} => {rating=F}",0.00012199750582877,1,11.0305023923445,9
"380","{SSL2Enabled=0,SSL3Enabled=1,TLS1Enabled=0,TLS12Enabled=0} => {TLS11Enabled=0}",0.00012199750582877,1,6.01042854815056,9
"591","{rating=F,SSL2Enabled=0,SSL3Enabled=1,TLS1Enabled=0,TLS12Enabled=0} => {TLS11Enabled=0}",0.00012199750582877,1,6.01042854815056,9
"592","{SSL2Enabled=0,SSL3Enabled=1,TLS1Enabled=0,TLS11Enabled=0,TLS12Enabled=0} => {rating=F}",0.00012199750582877,1,11.0305023923445,9
"81","{SSL2Enabled=1,SSL3Enabled=1,TLS1Enabled=0} => {rating=F}",0.000108442227403351,1,11.0305023923445,8
"312","{SSL2Enabled=1,TLS1Enabled=0,TLS11Enabled=0,TLS12Enabled=1} => {rating=F}",0.000108442227403351,1,11.0305023923445,8
"315","{SSL2Enabled=1,SSL3Enabled=0,TLS1Enabled=1,TLS11Enabled=1} => {rating=F}",0.000108442227403351,1,11.0305023923445,8
"320","{SSL2Enabled=1,SSL3Enabled=0,TLS1Enabled=1,TLS11Enabled=1} => {TLS12Enabled=1}",0.000108442227403351,1,1.09131791890413,8
"564","{rating=F,SSL2Enabled=1,SSL3Enabled=0,TLS1Enabled=1,TLS11Enabled=1} => {TLS12Enabled=1}",0.000108442227403351,1,1.09131791890413,8
"565","{SSL2Enabled=1,SSL3Enabled=0,TLS1Enabled=1,TLS11Enabled=1,TLS12Enabled=1} => {rating=F}",0.000108442227403351,1,11.0305023923445,8
